[0.000000] (-) TimerEvent: {}
[0.001937] (Uvix_sim) JobQueued: {'identifier': 'Uvix_sim', 'dependencies': OrderedDict()}
[0.002102] (bobert_sim) JobQueued: {'identifier': 'bobert_sim', 'dependencies': OrderedDict()}
[0.002623] (joy_bridge) JobQueued: {'identifier': 'joy_bridge', 'dependencies': OrderedDict()}
[0.002739] (Uvix_sim) JobStarted: {'identifier': 'Uvix_sim'}
[0.036625] (bobert_sim) JobStarted: {'identifier': 'bobert_sim'}
[0.053973] (joy_bridge) JobStarted: {'identifier': 'joy_bridge'}
[0.101059] (-) TimerEvent: {}
[0.202345] (-) TimerEvent: {}
[0.302916] (-) TimerEvent: {}
[0.403586] (-) TimerEvent: {}
[0.507670] (-) TimerEvent: {}
[0.611707] (-) TimerEvent: {}
[0.715804] (-) TimerEvent: {}
[0.819880] (-) TimerEvent: {}
[0.923951] (-) TimerEvent: {}
[1.028021] (-) TimerEvent: {}
[1.132070] (-) TimerEvent: {}
[1.236117] (-) TimerEvent: {}
[1.340164] (-) TimerEvent: {}
[1.444207] (-) TimerEvent: {}
[1.548244] (-) TimerEvent: {}
[1.652367] (-) TimerEvent: {}
[1.756448] (-) TimerEvent: {}
[1.860533] (-) TimerEvent: {}
[1.964827] (-) TimerEvent: {}
[2.069084] (-) TimerEvent: {}
[2.173128] (-) TimerEvent: {}
[2.277238] (-) TimerEvent: {}
[2.381409] (-) TimerEvent: {}
[2.485561] (-) TimerEvent: {}
[2.589586] (-) TimerEvent: {}
[2.693666] (-) TimerEvent: {}
[2.797834] (-) TimerEvent: {}
[2.901877] (-) TimerEvent: {}
[3.005989] (-) TimerEvent: {}
[3.110033] (-) TimerEvent: {}
[3.210667] (-) TimerEvent: {}
[3.311457] (-) TimerEvent: {}
[3.412132] (-) TimerEvent: {}
[3.515295] (-) TimerEvent: {}
[3.619344] (-) TimerEvent: {}
[3.720302] (-) TimerEvent: {}
[3.783286] (bobert_sim) Command: {'cmd': ['/usr/bin/python3', '-W', 'ignore:setup.py install is deprecated', '-W', 'ignore:easy_install command is deprecated', 'setup.py', 'develop', '--editable', '--build-directory', '/home/chino/uvix_ws/build/bobert_sim/build', '--no-deps', 'symlink_data'], 'cwd': '/home/chino/uvix_ws/build/bobert_sim', 'env': {'LESSOPEN': '| /usr/bin/lesspipe %s', 'MESA_D3D12_DEFAULT_ADAPTER_NAME': 'NVIDIA', 'GZ_SIM_RESOURCE_PATH': ':/home/chino/uvix_ws/install/bobert_sim/share', 'USER': 'chino', 'SHLVL': '1', 'LD_LIBRARY_PATH': '/usr/lib/x86_64-linux-gnu/gazebo-11/plugins:/opt/ros/humble/opt/rviz_ogre_vendor/lib:/opt/ros/humble/lib/x86_64-linux-gnu:/opt/ros/humble/lib:/usr/share/gazebo/../../lib/x86_64-linux-gnu/gazebo-11/plugins:', 'HOME': '/home/chino', 'OLDPWD': '/home/chino/uvix_ws', 'GAZEBO_MASTER_URI': 'http://localhost:11345', 'ROS_PYTHON_VERSION': '3', 'DBUS_SESSION_BUS_ADDRESS': 'unix:path=/run/user/1000/bus', 'WSL_DISTRO_NAME': 'Ubuntu-22.04', 'WAYLAND_DISPLAY': 'wayland-0', 'COLCON_PREFIX_PATH': '/home/chino/uvix_ws/install', 'INFOPATH': '/usr/local/texlive/2025/texmf-dist/doc/info:', 'ROS_DISTRO': 'humble', 'LOGNAME': 'chino', 'NAME': 'David', 'WSL_INTEROP': '/run/WSL/334_interop', 'PULSE_SERVER': 'unix:/mnt/wslg/PulseServer', '_': '/usr/bin/colcon', 'ROS_VERSION': '2', 'TERM': 'xterm-256color', 'GAZEBO_MODEL_PATH': '/usr/share/gazebo/../../share/gazebo-11/models::/home/chino/roam_ws/src/gazebo_models_worlds_collection/models', 'ROS_LOCALHOST_ONLY': '0', 'OGRE_RESOURCE_PATH': '/usr/lib/x86_64-linux-gnu/OGRE-1.9.0', 'PATH': '/usr/local/texlive/2025/bin/x86_64-linux:/opt/ros/humble/bin:/usr/local/sbin:/usr/local/bin:/usr/sbin:/usr/bin:/sbin:/bin:/usr/games:/usr/local/games:/usr/lib/wsl/lib:/mnt/c/Program Files/WindowsApps/MicrosoftCorporationII.WindowsSubsystemForLinux_2.6.2.0_x64__8wekyb3d8bbwe:/mnt/c/RoboDK/Python37/Scripts/:/mnt/c/RoboDK/Python37/:/mnt/c/Program Files/Common Files/Siemens/Automation/Simatic OAM/bin:/mnt/c/Program Files/NVIDIA GPU Computing Toolkit/CUDA/v11.8/bin:/mnt/c/Program Files/NVIDIA/CUDNN/v9.9/bin:/mnt/c/Program Files/NVIDIA GPU Computing Toolkit/CUDA/v11.8/libnvvp:/mnt/c/Program Files/NVIDIA GPU Computing Toolkit/CUDA/v11.8/lib/x64:/mnt/c/Program Files/NVIDIA GPU Computing Toolkit/CUDA/v11.8/include:/mnt/c/Windows/system32:/mnt/c/Windows:/mnt/c/Windows/System32/Wbem:/mnt/c/Windows/System32/WindowsPowerShell/v1.0/:/mnt/c/Windows/System32/OpenSSH/:/mnt/c/Program Files (x86)/NVIDIA Corporation/PhysX/Common:/mnt/c/WINDOWS/system32:/mnt/c/WINDOWS:/mnt/c/WINDOWS/System32/Wbem:/mnt/c/WINDOWS/System32/WindowsPowerShell/v1.0/:/mnt/c/WINDOWS/System32/OpenSSH/:/mnt/c/Program Files/dotnet/:/mnt/c/Program Files/MATLAB/R2024b/runtime/win64:/mnt/c/Program Files/MATLAB/R2024b/bin:/mnt/c/Program Files/Git/cmd:/mnt/c/Program Files/Blender Foundation/Blender 3.6:/mnt/c/msys64/usr/bin:/mnt/c/Program Files/STMicroelectronics/STM32Cube/STM32CubeProgrammer/bin:/mnt/c/ProgramData/chocolatey/bin:/mnt/c/Program Files/NVIDIA Corporation/Nsight Compute 2022.3.0/:/mnt/c/Program Files (x86)/Microsoft SQL Server/Client SDK/ODBC/110/Tools/Binn/:/mnt/c/Program Files (x86)/Microsoft SQL Server/120/Tools/Binn/:/mnt/c/Program Files (x86)/Microsoft SQL Server/120/DTS/Binn/:/mnt/c/Program Files (x86)/Common Files/Siemens/:/mnt/c/Program Files (x86)/Common Files/Siemens/Interfaces:/mnt/c/Program Files (x86)/Common Files/Siemens/ACE/Interfaces:/mnt/c/Program Files/Pandoc:/mnt/c/Program Files/CMake/bin:/mnt/c/Program Files/PuTTY/:/mnt/c/Program Files/usbipd-win/:/mnt/c/Program Files (x86)/ZeroTier/One/:/mnt/c/Program Files (x86)/Windows Kits/10/Windows Performance Toolkit/:/mnt/c/Program Files/NVIDIA Corporation/NVIDIA App/NvDLISR:/mnt/c/Program Files/Docker/Docker/resources/bin:/mnt/c/Program Files/nodejs/:/mnt/c/Users/David Guncay/AppData/Local/Programs/Python/Python38/Scripts/:/mnt/c/Users/David Guncay/AppData/Local/Programs/Python/Python38/:/mnt/c/Users/David Guncay/AppData/Local/Programs/Python/Python310/Scripts/:/mnt/c/Users/David Guncay/AppData/Local/Programs/Python/Python310/:/mnt/c/Program Files (x86)/Arm GNU Toolchain arm-none-eabi/14.2 rel1/bin:/mnt/c/Users/David Guncay/AppData/Local/Programs/Python/Python311/Scripts/:/mnt/c/Users/David Guncay/AppData/Local/Programs/Python/Python311/:/mnt/c/Users/David Guncay/AppData/Local/Programs/Python/Python313/Scripts/:/mnt/c/Users/David Guncay/AppData/Local/Programs/Python/Python313/:/mnt/c/Users/David Guncay/AppData/Local/Microsoft/WindowsApps:/mnt/c/Users/David Guncay/AppData/Local/Programs/Microsoft VS Code/bin:/mnt/c/Users/David Guncay/AppData/Local/Programs/Ollama:/mnt/c/Users/David Guncay/.dotnet/tools:/mnt/c/Users/David Guncay/AppData/Roaming/npm:/mnt/c/Users/David Guncay/AppData/Local/Kiro-Cli/:/snap/bin', 'XDG_RUNTIME_DIR': '/run/user/1000/', 'DISPLAY': ':0', 'mesa_glthread': 'true', 'LANG': 'C.UTF-8', 'RMW_IMPLEMENTATION': 'rmw_cyclonedds_cpp', 'LS_COLORS': 'rs=0:di=01;34:ln=01;36:mh=00:pi=40;33:so=01;35:do=01;35:bd=40;33;01:cd=40;33;01:or=40;31;01:mi=00:su=37;41:sg=30;43:ca=30;41:tw=30;42:ow=34;42:st=37;44:ex=01;32:*.tar=01;31:*.tgz=01;31:*.arc=01;31:*.arj=01;31:*.taz=01;31:*.lha=01;31:*.lz4=01;31:*.lzh=01;31:*.lzma=01;31:*.tlz=01;31:*.txz=01;31:*.tzo=01;31:*.t7z=01;31:*.zip=01;31:*.z=01;31:*.dz=01;31:*.gz=01;31:*.lrz=01;31:*.lz=01;31:*.lzo=01;31:*.xz=01;31:*.zst=01;31:*.tzst=01;31:*.bz2=01;31:*.bz=01;31:*.tbz=01;31:*.tbz2=01;31:*.tz=01;31:*.deb=01;31:*.rpm=01;31:*.jar=01;31:*.war=01;31:*.ear=01;31:*.sar=01;31:*.rar=01;31:*.alz=01;31:*.ace=01;31:*.zoo=01;31:*.cpio=01;31:*.7z=01;31:*.rz=01;31:*.cab=01;31:*.wim=01;31:*.swm=01;31:*.dwm=01;31:*.esd=01;31:*.jpg=01;35:*.jpeg=01;35:*.mjpg=01;35:*.mjpeg=01;35:*.gif=01;35:*.bmp=01;35:*.pbm=01;35:*.pgm=01;35:*.ppm=01;35:*.tga=01;35:*.xbm=01;35:*.xpm=01;35:*.tif=01;35:*.tiff=01;35:*.png=01;35:*.svg=01;35:*.svgz=01;35:*.mng=01;35:*.pcx=01;35:*.mov=01;35:*.mpg=01;35:*.mpeg=01;35:*.m2v=01;35:*.mkv=01;35:*.webm=01;35:*.webp=01;35:*.ogm=01;35:*.mp4=01;35:*.m4v=01;35:*.mp4v=01;35:*.vob=01;35:*.qt=01;35:*.nuv=01;35:*.wmv=01;35:*.asf=01;35:*.rm=01;35:*.rmvb=01;35:*.flc=01;35:*.avi=01;35:*.fli=01;35:*.flv=01;35:*.gl=01;35:*.dl=01;35:*.xcf=01;35:*.xwd=01;35:*.yuv=01;35:*.cgm=01;35:*.emf=01;35:*.ogv=01;35:*.ogx=01;35:*.aac=00;36:*.au=00;36:*.flac=00;36:*.m4a=00;36:*.mid=00;36:*.midi=00;36:*.mka=00;36:*.mp3=00;36:*.mpc=00;36:*.ogg=00;36:*.ra=00;36:*.wav=00;36:*.oga=00;36:*.opus=00;36:*.spx=00;36:*.xspf=00;36:', 'AMENT_PREFIX_PATH': '/home/chino/uvix_ws/install/joy_bridge:/home/chino/uvix_ws/install/bobert_sim:/home/chino/uvix_ws/install/Uvix_sim:/opt/ros/humble', 'SHELL': '/bin/bash', 'WEBOTS_HOME': '/mnt/c/Program Files/Webots/msys64/mingw64/bin', 'LESSCLOSE': '/usr/bin/lesspipe %s %s', 'GAZEBO_RESOURCE_PATH': '/usr/share/gazebo/../../share/gazebo-11::/home/chino/roam_ws/src/gazebo_models_worlds_collection/worlds', 'IGN_GAZEBO_RENDER_ENGINE_GUISYS': 'ogre', 'GZ_RENDERING_BACKEND': 'opengl', 'GAZEBO_MODEL_DATABASE_URI': 'http://models.gazebosim.org', 'PWD': '/home/chino/uvix_ws/build/bobert_sim', 'TURTLEBOT3_MODEL': 'waffle', 'GAZEBO_PLUGIN_PATH': '/usr/share/gazebo/../../lib/x86_64-linux-gnu/gazebo-11/plugins:', 'XDG_DATA_DIRS': '/usr/local/share:/usr/share:/var/lib/snapd/desktop', 'MESA_GL_VERSION_OVERRIDE': '4.1', 'PYTHONPATH': '/home/chino/uvix_ws/build/bobert_sim/prefix_override:/usr/lib/python3/dist-packages/colcon_core/task/python/colcon_distutils_commands:/home/chino/uvix_ws/install/bobert_sim/lib/python3.10/site-packages:/home/chino/uvix_ws/build/joy_bridge:/home/chino/uvix_ws/install/joy_bridge/lib/python3.10/site-packages:/home/chino/uvix_ws/build/bobert_sim:/home/chino/uvix_ws/install/bobert_sim/lib/python3.10/site-packages:/home/chino/uvix_ws/build/Uvix_sim:/home/chino/uvix_ws/install/Uvix_sim/lib/python3.10/site-packages:/opt/ros/humble/lib/python3.10/site-packages:/opt/ros/humble/local/lib/python3.10/dist-packages', 'COLCON': '1', 'WSL2_GUI_APPS_ENABLED': '1', 'MANPATH': '/usr/local/texlive/2025/texmf-dist/doc/man:', 'HOSTTYPE': 'x86_64', 'WSLENV': ''}, 'shell': False}
[3.793230] (joy_bridge) Command: {'cmd': ['/usr/bin/python3', '-W', 'ignore:setup.py install is deprecated', '-W', 'ignore:easy_install command is deprecated', 'setup.py', 'develop', '--editable', '--build-directory', '/home/chino/uvix_ws/build/joy_bridge/build', '--no-deps', 'symlink_data'], 'cwd': '/home/chino/uvix_ws/build/joy_bridge', 'env': {'LESSOPEN': '| /usr/bin/lesspipe %s', 'MESA_D3D12_DEFAULT_ADAPTER_NAME': 'NVIDIA', 'GZ_SIM_RESOURCE_PATH': ':/home/chino/uvix_ws/install/bobert_sim/share', 'USER': 'chino', 'SHLVL': '1', 'LD_LIBRARY_PATH': '/usr/lib/x86_64-linux-gnu/gazebo-11/plugins:/opt/ros/humble/opt/rviz_ogre_vendor/lib:/opt/ros/humble/lib/x86_64-linux-gnu:/opt/ros/humble/lib:/usr/share/gazebo/../../lib/x86_64-linux-gnu/gazebo-11/plugins:', 'HOME': '/home/chino', 'OLDPWD': '/home/chino/uvix_ws', 'GAZEBO_MASTER_URI': 'http://localhost:11345', 'ROS_PYTHON_VERSION': '3', 'DBUS_SESSION_BUS_ADDRESS': 'unix:path=/run/user/1000/bus', 'WSL_DISTRO_NAME': 'Ubuntu-22.04', 'WAYLAND_DISPLAY': 'wayland-0', 'COLCON_PREFIX_PATH': '/home/chino/uvix_ws/install', 'INFOPATH': '/usr/local/texlive/2025/texmf-dist/doc/info:', 'ROS_DISTRO': 'humble', 'LOGNAME': 'chino', 'NAME': 'David', 'WSL_INTEROP': '/run/WSL/334_interop', 'PULSE_SERVER': 'unix:/mnt/wslg/PulseServer', '_': '/usr/bin/colcon', 'ROS_VERSION': '2', 'TERM': 'xterm-256color', 'GAZEBO_MODEL_PATH': '/usr/share/gazebo/../../share/gazebo-11/models::/home/chino/roam_ws/src/gazebo_models_worlds_collection/models', 'ROS_LOCALHOST_ONLY': '0', 'OGRE_RESOURCE_PATH': '/usr/lib/x86_64-linux-gnu/OGRE-1.9.0', 'PATH': '/usr/local/texlive/2025/bin/x86_64-linux:/opt/ros/humble/bin:/usr/local/sbin:/usr/local/bin:/usr/sbin:/usr/bin:/sbin:/bin:/usr/games:/usr/local/games:/usr/lib/wsl/lib:/mnt/c/Program Files/WindowsApps/MicrosoftCorporationII.WindowsSubsystemForLinux_2.6.2.0_x64__8wekyb3d8bbwe:/mnt/c/RoboDK/Python37/Scripts/:/mnt/c/RoboDK/Python37/:/mnt/c/Program Files/Common Files/Siemens/Automation/Simatic OAM/bin:/mnt/c/Program Files/NVIDIA GPU Computing Toolkit/CUDA/v11.8/bin:/mnt/c/Program Files/NVIDIA/CUDNN/v9.9/bin:/mnt/c/Program Files/NVIDIA GPU Computing Toolkit/CUDA/v11.8/libnvvp:/mnt/c/Program Files/NVIDIA GPU Computing Toolkit/CUDA/v11.8/lib/x64:/mnt/c/Program Files/NVIDIA GPU Computing Toolkit/CUDA/v11.8/include:/mnt/c/Windows/system32:/mnt/c/Windows:/mnt/c/Windows/System32/Wbem:/mnt/c/Windows/System32/WindowsPowerShell/v1.0/:/mnt/c/Windows/System32/OpenSSH/:/mnt/c/Program Files (x86)/NVIDIA Corporation/PhysX/Common:/mnt/c/WINDOWS/system32:/mnt/c/WINDOWS:/mnt/c/WINDOWS/System32/Wbem:/mnt/c/WINDOWS/System32/WindowsPowerShell/v1.0/:/mnt/c/WINDOWS/System32/OpenSSH/:/mnt/c/Program Files/dotnet/:/mnt/c/Program Files/MATLAB/R2024b/runtime/win64:/mnt/c/Program Files/MATLAB/R2024b/bin:/mnt/c/Program Files/Git/cmd:/mnt/c/Program Files/Blender Foundation/Blender 3.6:/mnt/c/msys64/usr/bin:/mnt/c/Program Files/STMicroelectronics/STM32Cube/STM32CubeProgrammer/bin:/mnt/c/ProgramData/chocolatey/bin:/mnt/c/Program Files/NVIDIA Corporation/Nsight Compute 2022.3.0/:/mnt/c/Program Files (x86)/Microsoft SQL Server/Client SDK/ODBC/110/Tools/Binn/:/mnt/c/Program Files (x86)/Microsoft SQL Server/120/Tools/Binn/:/mnt/c/Program Files (x86)/Microsoft SQL Server/120/DTS/Binn/:/mnt/c/Program Files (x86)/Common Files/Siemens/:/mnt/c/Program Files (x86)/Common Files/Siemens/Interfaces:/mnt/c/Program Files (x86)/Common Files/Siemens/ACE/Interfaces:/mnt/c/Program Files/Pandoc:/mnt/c/Program Files/CMake/bin:/mnt/c/Program Files/PuTTY/:/mnt/c/Program Files/usbipd-win/:/mnt/c/Program Files (x86)/ZeroTier/One/:/mnt/c/Program Files (x86)/Windows Kits/10/Windows Performance Toolkit/:/mnt/c/Program Files/NVIDIA Corporation/NVIDIA App/NvDLISR:/mnt/c/Program Files/Docker/Docker/resources/bin:/mnt/c/Program Files/nodejs/:/mnt/c/Users/David Guncay/AppData/Local/Programs/Python/Python38/Scripts/:/mnt/c/Users/David Guncay/AppData/Local/Programs/Python/Python38/:/mnt/c/Users/David Guncay/AppData/Local/Programs/Python/Python310/Scripts/:/mnt/c/Users/David Guncay/AppData/Local/Programs/Python/Python310/:/mnt/c/Program Files (x86)/Arm GNU Toolchain arm-none-eabi/14.2 rel1/bin:/mnt/c/Users/David Guncay/AppData/Local/Programs/Python/Python311/Scripts/:/mnt/c/Users/David Guncay/AppData/Local/Programs/Python/Python311/:/mnt/c/Users/David Guncay/AppData/Local/Programs/Python/Python313/Scripts/:/mnt/c/Users/David Guncay/AppData/Local/Programs/Python/Python313/:/mnt/c/Users/David Guncay/AppData/Local/Microsoft/WindowsApps:/mnt/c/Users/David Guncay/AppData/Local/Programs/Microsoft VS Code/bin:/mnt/c/Users/David Guncay/AppData/Local/Programs/Ollama:/mnt/c/Users/David Guncay/.dotnet/tools:/mnt/c/Users/David Guncay/AppData/Roaming/npm:/mnt/c/Users/David Guncay/AppData/Local/Kiro-Cli/:/snap/bin', 'XDG_RUNTIME_DIR': '/run/user/1000/', 'DISPLAY': ':0', 'mesa_glthread': 'true', 'LANG': 'C.UTF-8', 'RMW_IMPLEMENTATION': 'rmw_cyclonedds_cpp', 'LS_COLORS': 'rs=0:di=01;34:ln=01;36:mh=00:pi=40;33:so=01;35:do=01;35:bd=40;33;01:cd=40;33;01:or=40;31;01:mi=00:su=37;41:sg=30;43:ca=30;41:tw=30;42:ow=34;42:st=37;44:ex=01;32:*.tar=01;31:*.tgz=01;31:*.arc=01;31:*.arj=01;31:*.taz=01;31:*.lha=01;31:*.lz4=01;31:*.lzh=01;31:*.lzma=01;31:*.tlz=01;31:*.txz=01;31:*.tzo=01;31:*.t7z=01;31:*.zip=01;31:*.z=01;31:*.dz=01;31:*.gz=01;31:*.lrz=01;31:*.lz=01;31:*.lzo=01;31:*.xz=01;31:*.zst=01;31:*.tzst=01;31:*.bz2=01;31:*.bz=01;31:*.tbz=01;31:*.tbz2=01;31:*.tz=01;31:*.deb=01;31:*.rpm=01;31:*.jar=01;31:*.war=01;31:*.ear=01;31:*.sar=01;31:*.rar=01;31:*.alz=01;31:*.ace=01;31:*.zoo=01;31:*.cpio=01;31:*.7z=01;31:*.rz=01;31:*.cab=01;31:*.wim=01;31:*.swm=01;31:*.dwm=01;31:*.esd=01;31:*.jpg=01;35:*.jpeg=01;35:*.mjpg=01;35:*.mjpeg=01;35:*.gif=01;35:*.bmp=01;35:*.pbm=01;35:*.pgm=01;35:*.ppm=01;35:*.tga=01;35:*.xbm=01;35:*.xpm=01;35:*.tif=01;35:*.tiff=01;35:*.png=01;35:*.svg=01;35:*.svgz=01;35:*.mng=01;35:*.pcx=01;35:*.mov=01;35:*.mpg=01;35:*.mpeg=01;35:*.m2v=01;35:*.mkv=01;35:*.webm=01;35:*.webp=01;35:*.ogm=01;35:*.mp4=01;35:*.m4v=01;35:*.mp4v=01;35:*.vob=01;35:*.qt=01;35:*.nuv=01;35:*.wmv=01;35:*.asf=01;35:*.rm=01;35:*.rmvb=01;35:*.flc=01;35:*.avi=01;35:*.fli=01;35:*.flv=01;35:*.gl=01;35:*.dl=01;35:*.xcf=01;35:*.xwd=01;35:*.yuv=01;35:*.cgm=01;35:*.emf=01;35:*.ogv=01;35:*.ogx=01;35:*.aac=00;36:*.au=00;36:*.flac=00;36:*.m4a=00;36:*.mid=00;36:*.midi=00;36:*.mka=00;36:*.mp3=00;36:*.mpc=00;36:*.ogg=00;36:*.ra=00;36:*.wav=00;36:*.oga=00;36:*.opus=00;36:*.spx=00;36:*.xspf=00;36:', 'AMENT_PREFIX_PATH': '/home/chino/uvix_ws/install/joy_bridge:/home/chino/uvix_ws/install/bobert_sim:/home/chino/uvix_ws/install/Uvix_sim:/opt/ros/humble', 'SHELL': '/bin/bash', 'WEBOTS_HOME': '/mnt/c/Program Files/Webots/msys64/mingw64/bin', 'LESSCLOSE': '/usr/bin/lesspipe %s %s', 'GAZEBO_RESOURCE_PATH': '/usr/share/gazebo/../../share/gazebo-11::/home/chino/roam_ws/src/gazebo_models_worlds_collection/worlds', 'IGN_GAZEBO_RENDER_ENGINE_GUISYS': 'ogre', 'GZ_RENDERING_BACKEND': 'opengl', 'GAZEBO_MODEL_DATABASE_URI': 'http://models.gazebosim.org', 'PWD': '/home/chino/uvix_ws/build/joy_bridge', 'TURTLEBOT3_MODEL': 'waffle', 'GAZEBO_PLUGIN_PATH': '/usr/share/gazebo/../../lib/x86_64-linux-gnu/gazebo-11/plugins:', 'XDG_DATA_DIRS': '/usr/local/share:/usr/share:/var/lib/snapd/desktop', 'MESA_GL_VERSION_OVERRIDE': '4.1', 'PYTHONPATH': '/home/chino/uvix_ws/build/joy_bridge/prefix_override:/usr/lib/python3/dist-packages/colcon_core/task/python/colcon_distutils_commands:/home/chino/uvix_ws/install/joy_bridge/lib/python3.10/site-packages:/home/chino/uvix_ws/build/joy_bridge:/home/chino/uvix_ws/install/joy_bridge/lib/python3.10/site-packages:/home/chino/uvix_ws/build/bobert_sim:/home/chino/uvix_ws/install/bobert_sim/lib/python3.10/site-packages:/home/chino/uvix_ws/build/Uvix_sim:/home/chino/uvix_ws/install/Uvix_sim/lib/python3.10/site-packages:/opt/ros/humble/lib/python3.10/site-packages:/opt/ros/humble/local/lib/python3.10/dist-packages', 'COLCON': '1', 'WSL2_GUI_APPS_ENABLED': '1', 'MANPATH': '/usr/local/texlive/2025/texmf-dist/doc/man:', 'HOSTTYPE': 'x86_64', 'WSLENV': ''}, 'shell': False}
[3.820706] (-) TimerEvent: {}
[3.921294] (-) TimerEvent: {}
[4.022066] (-) TimerEvent: {}
[4.122680] (-) TimerEvent: {}
[4.223285] (-) TimerEvent: {}
[4.226208] (Uvix_sim) Command: {'cmd': ['/usr/bin/python3', '-W', 'ignore:setup.py install is deprecated', '-W', 'ignore:easy_install command is deprecated', 'setup.py', 'develop', '--editable', '--build-directory', '/home/chino/uvix_ws/build/Uvix_sim/build', '--no-deps', 'symlink_data'], 'cwd': '/home/chino/uvix_ws/build/Uvix_sim', 'env': {'LESSOPEN': '| /usr/bin/lesspipe %s', 'MESA_D3D12_DEFAULT_ADAPTER_NAME': 'NVIDIA', 'GZ_SIM_RESOURCE_PATH': ':/home/chino/uvix_ws/install/bobert_sim/share', 'USER': 'chino', 'SHLVL': '1', 'LD_LIBRARY_PATH': '/usr/lib/x86_64-linux-gnu/gazebo-11/plugins:/opt/ros/humble/opt/rviz_ogre_vendor/lib:/opt/ros/humble/lib/x86_64-linux-gnu:/opt/ros/humble/lib:/usr/share/gazebo/../../lib/x86_64-linux-gnu/gazebo-11/plugins:', 'HOME': '/home/chino', 'OLDPWD': '/home/chino/uvix_ws', 'GAZEBO_MASTER_URI': 'http://localhost:11345', 'ROS_PYTHON_VERSION': '3', 'DBUS_SESSION_BUS_ADDRESS': 'unix:path=/run/user/1000/bus', 'WSL_DISTRO_NAME': 'Ubuntu-22.04', 'WAYLAND_DISPLAY': 'wayland-0', 'COLCON_PREFIX_PATH': '/home/chino/uvix_ws/install', 'INFOPATH': '/usr/local/texlive/2025/texmf-dist/doc/info:', 'ROS_DISTRO': 'humble', 'LOGNAME': 'chino', 'NAME': 'David', 'WSL_INTEROP': '/run/WSL/334_interop', 'PULSE_SERVER': 'unix:/mnt/wslg/PulseServer', '_': '/usr/bin/colcon', 'ROS_VERSION': '2', 'TERM': 'xterm-256color', 'GAZEBO_MODEL_PATH': '/usr/share/gazebo/../../share/gazebo-11/models::/home/chino/roam_ws/src/gazebo_models_worlds_collection/models', 'ROS_LOCALHOST_ONLY': '0', 'OGRE_RESOURCE_PATH': '/usr/lib/x86_64-linux-gnu/OGRE-1.9.0', 'PATH': '/usr/local/texlive/2025/bin/x86_64-linux:/opt/ros/humble/bin:/usr/local/sbin:/usr/local/bin:/usr/sbin:/usr/bin:/sbin:/bin:/usr/games:/usr/local/games:/usr/lib/wsl/lib:/mnt/c/Program Files/WindowsApps/MicrosoftCorporationII.WindowsSubsystemForLinux_2.6.2.0_x64__8wekyb3d8bbwe:/mnt/c/RoboDK/Python37/Scripts/:/mnt/c/RoboDK/Python37/:/mnt/c/Program Files/Common Files/Siemens/Automation/Simatic OAM/bin:/mnt/c/Program Files/NVIDIA GPU Computing Toolkit/CUDA/v11.8/bin:/mnt/c/Program Files/NVIDIA/CUDNN/v9.9/bin:/mnt/c/Program Files/NVIDIA GPU Computing Toolkit/CUDA/v11.8/libnvvp:/mnt/c/Program Files/NVIDIA GPU Computing Toolkit/CUDA/v11.8/lib/x64:/mnt/c/Program Files/NVIDIA GPU Computing Toolkit/CUDA/v11.8/include:/mnt/c/Windows/system32:/mnt/c/Windows:/mnt/c/Windows/System32/Wbem:/mnt/c/Windows/System32/WindowsPowerShell/v1.0/:/mnt/c/Windows/System32/OpenSSH/:/mnt/c/Program Files (x86)/NVIDIA Corporation/PhysX/Common:/mnt/c/WINDOWS/system32:/mnt/c/WINDOWS:/mnt/c/WINDOWS/System32/Wbem:/mnt/c/WINDOWS/System32/WindowsPowerShell/v1.0/:/mnt/c/WINDOWS/System32/OpenSSH/:/mnt/c/Program Files/dotnet/:/mnt/c/Program Files/MATLAB/R2024b/runtime/win64:/mnt/c/Program Files/MATLAB/R2024b/bin:/mnt/c/Program Files/Git/cmd:/mnt/c/Program Files/Blender Foundation/Blender 3.6:/mnt/c/msys64/usr/bin:/mnt/c/Program Files/STMicroelectronics/STM32Cube/STM32CubeProgrammer/bin:/mnt/c/ProgramData/chocolatey/bin:/mnt/c/Program Files/NVIDIA Corporation/Nsight Compute 2022.3.0/:/mnt/c/Program Files (x86)/Microsoft SQL Server/Client SDK/ODBC/110/Tools/Binn/:/mnt/c/Program Files (x86)/Microsoft SQL Server/120/Tools/Binn/:/mnt/c/Program Files (x86)/Microsoft SQL Server/120/DTS/Binn/:/mnt/c/Program Files (x86)/Common Files/Siemens/:/mnt/c/Program Files (x86)/Common Files/Siemens/Interfaces:/mnt/c/Program Files (x86)/Common Files/Siemens/ACE/Interfaces:/mnt/c/Program Files/Pandoc:/mnt/c/Program Files/CMake/bin:/mnt/c/Program Files/PuTTY/:/mnt/c/Program Files/usbipd-win/:/mnt/c/Program Files (x86)/ZeroTier/One/:/mnt/c/Program Files (x86)/Windows Kits/10/Windows Performance Toolkit/:/mnt/c/Program Files/NVIDIA Corporation/NVIDIA App/NvDLISR:/mnt/c/Program Files/Docker/Docker/resources/bin:/mnt/c/Program Files/nodejs/:/mnt/c/Users/David Guncay/AppData/Local/Programs/Python/Python38/Scripts/:/mnt/c/Users/David Guncay/AppData/Local/Programs/Python/Python38/:/mnt/c/Users/David Guncay/AppData/Local/Programs/Python/Python310/Scripts/:/mnt/c/Users/David Guncay/AppData/Local/Programs/Python/Python310/:/mnt/c/Program Files (x86)/Arm GNU Toolchain arm-none-eabi/14.2 rel1/bin:/mnt/c/Users/David Guncay/AppData/Local/Programs/Python/Python311/Scripts/:/mnt/c/Users/David Guncay/AppData/Local/Programs/Python/Python311/:/mnt/c/Users/David Guncay/AppData/Local/Programs/Python/Python313/Scripts/:/mnt/c/Users/David Guncay/AppData/Local/Programs/Python/Python313/:/mnt/c/Users/David Guncay/AppData/Local/Microsoft/WindowsApps:/mnt/c/Users/David Guncay/AppData/Local/Programs/Microsoft VS Code/bin:/mnt/c/Users/David Guncay/AppData/Local/Programs/Ollama:/mnt/c/Users/David Guncay/.dotnet/tools:/mnt/c/Users/David Guncay/AppData/Roaming/npm:/mnt/c/Users/David Guncay/AppData/Local/Kiro-Cli/:/snap/bin', 'XDG_RUNTIME_DIR': '/run/user/1000/', 'DISPLAY': ':0', 'mesa_glthread': 'true', 'LANG': 'C.UTF-8', 'RMW_IMPLEMENTATION': 'rmw_cyclonedds_cpp', 'LS_COLORS': 'rs=0:di=01;34:ln=01;36:mh=00:pi=40;33:so=01;35:do=01;35:bd=40;33;01:cd=40;33;01:or=40;31;01:mi=00:su=37;41:sg=30;43:ca=30;41:tw=30;42:ow=34;42:st=37;44:ex=01;32:*.tar=01;31:*.tgz=01;31:*.arc=01;31:*.arj=01;31:*.taz=01;31:*.lha=01;31:*.lz4=01;31:*.lzh=01;31:*.lzma=01;31:*.tlz=01;31:*.txz=01;31:*.tzo=01;31:*.t7z=01;31:*.zip=01;31:*.z=01;31:*.dz=01;31:*.gz=01;31:*.lrz=01;31:*.lz=01;31:*.lzo=01;31:*.xz=01;31:*.zst=01;31:*.tzst=01;31:*.bz2=01;31:*.bz=01;31:*.tbz=01;31:*.tbz2=01;31:*.tz=01;31:*.deb=01;31:*.rpm=01;31:*.jar=01;31:*.war=01;31:*.ear=01;31:*.sar=01;31:*.rar=01;31:*.alz=01;31:*.ace=01;31:*.zoo=01;31:*.cpio=01;31:*.7z=01;31:*.rz=01;31:*.cab=01;31:*.wim=01;31:*.swm=01;31:*.dwm=01;31:*.esd=01;31:*.jpg=01;35:*.jpeg=01;35:*.mjpg=01;35:*.mjpeg=01;35:*.gif=01;35:*.bmp=01;35:*.pbm=01;35:*.pgm=01;35:*.ppm=01;35:*.tga=01;35:*.xbm=01;35:*.xpm=01;35:*.tif=01;35:*.tiff=01;35:*.png=01;35:*.svg=01;35:*.svgz=01;35:*.mng=01;35:*.pcx=01;35:*.mov=01;35:*.mpg=01;35:*.mpeg=01;35:*.m2v=01;35:*.mkv=01;35:*.webm=01;35:*.webp=01;35:*.ogm=01;35:*.mp4=01;35:*.m4v=01;35:*.mp4v=01;35:*.vob=01;35:*.qt=01;35:*.nuv=01;35:*.wmv=01;35:*.asf=01;35:*.rm=01;35:*.rmvb=01;35:*.flc=01;35:*.avi=01;35:*.fli=01;35:*.flv=01;35:*.gl=01;35:*.dl=01;35:*.xcf=01;35:*.xwd=01;35:*.yuv=01;35:*.cgm=01;35:*.emf=01;35:*.ogv=01;35:*.ogx=01;35:*.aac=00;36:*.au=00;36:*.flac=00;36:*.m4a=00;36:*.mid=00;36:*.midi=00;36:*.mka=00;36:*.mp3=00;36:*.mpc=00;36:*.ogg=00;36:*.ra=00;36:*.wav=00;36:*.oga=00;36:*.opus=00;36:*.spx=00;36:*.xspf=00;36:', 'AMENT_PREFIX_PATH': '/home/chino/uvix_ws/install/joy_bridge:/home/chino/uvix_ws/install/bobert_sim:/home/chino/uvix_ws/install/Uvix_sim:/opt/ros/humble', 'SHELL': '/bin/bash', 'WEBOTS_HOME': '/mnt/c/Program Files/Webots/msys64/mingw64/bin', 'LESSCLOSE': '/usr/bin/lesspipe %s %s', 'GAZEBO_RESOURCE_PATH': '/usr/share/gazebo/../../share/gazebo-11::/home/chino/roam_ws/src/gazebo_models_worlds_collection/worlds', 'IGN_GAZEBO_RENDER_ENGINE_GUISYS': 'ogre', 'GZ_RENDERING_BACKEND': 'opengl', 'GAZEBO_MODEL_DATABASE_URI': 'http://models.gazebosim.org', 'PWD': '/home/chino/uvix_ws/build/Uvix_sim', 'TURTLEBOT3_MODEL': 'waffle', 'GAZEBO_PLUGIN_PATH': '/usr/share/gazebo/../../lib/x86_64-linux-gnu/gazebo-11/plugins:', 'XDG_DATA_DIRS': '/usr/local/share:/usr/share:/var/lib/snapd/desktop', 'MESA_GL_VERSION_OVERRIDE': '4.1', 'PYTHONPATH': '/home/chino/uvix_ws/build/Uvix_sim/prefix_override:/usr/lib/python3/dist-packages/colcon_core/task/python/colcon_distutils_commands:/home/chino/uvix_ws/install/Uvix_sim/lib/python3.10/site-packages:/home/chino/uvix_ws/build/joy_bridge:/home/chino/uvix_ws/install/joy_bridge/lib/python3.10/site-packages:/home/chino/uvix_ws/build/bobert_sim:/home/chino/uvix_ws/install/bobert_sim/lib/python3.10/site-packages:/home/chino/uvix_ws/build/Uvix_sim:/home/chino/uvix_ws/install/Uvix_sim/lib/python3.10/site-packages:/opt/ros/humble/lib/python3.10/site-packages:/opt/ros/humble/local/lib/python3.10/dist-packages', 'COLCON': '1', 'WSL2_GUI_APPS_ENABLED': '1', 'MANPATH': '/usr/local/texlive/2025/texmf-dist/doc/man:', 'HOSTTYPE': 'x86_64', 'WSLENV': ''}, 'shell': False}
[4.324185] (-) TimerEvent: {}
[4.424896] (-) TimerEvent: {}
[4.527574] (-) TimerEvent: {}
[4.530177] (joy_bridge) StdoutLine: {'line': b'running develop\n'}
[4.544573] (bobert_sim) StdoutLine: {'line': b'running develop\n'}
[4.629732] (-) TimerEvent: {}
[4.730702] (-) TimerEvent: {}
[4.833496] (-) TimerEvent: {}
[4.911457] (Uvix_sim) StdoutLine: {'line': b'running develop\n'}
[4.934521] (-) TimerEvent: {}
[4.974305] (joy_bridge) StdoutLine: {'line': b'running egg_info\n'}
[4.974666] (joy_bridge) StdoutLine: {'line': b'creating joy_bridge.egg-info\n'}
[4.975878] (joy_bridge) StdoutLine: {'line': b'writing joy_bridge.egg-info/PKG-INFO\n'}
[4.976996] (joy_bridge) StdoutLine: {'line': b'writing dependency_links to joy_bridge.egg-info/dependency_links.txt\n'}
[4.977610] (joy_bridge) StdoutLine: {'line': b'writing entry points to joy_bridge.egg-info/entry_points.txt\n'}
[4.978205] (joy_bridge) StdoutLine: {'line': b'writing requirements to joy_bridge.egg-info/requires.txt\n'}
[4.978814] (joy_bridge) StdoutLine: {'line': b'writing top-level names to joy_bridge.egg-info/top_level.txt\n'}
[4.979238] (joy_bridge) StdoutLine: {'line': b"writing manifest file 'joy_bridge.egg-info/SOURCES.txt'\n"}
[4.982504] (joy_bridge) StdoutLine: {'line': b"reading manifest file 'joy_bridge.egg-info/SOURCES.txt'\n"}
[4.983792] (joy_bridge) StdoutLine: {'line': b"writing manifest file 'joy_bridge.egg-info/SOURCES.txt'\n"}
[4.988195] (joy_bridge) StdoutLine: {'line': b'running build_ext\n'}
[4.988958] (joy_bridge) StdoutLine: {'line': b'Creating /home/chino/uvix_ws/install/joy_bridge/lib/python3.10/site-packages/joy-bridge.egg-link (link to .)\n'}
[4.990298] (joy_bridge) StdoutLine: {'line': b'Installing joy_udp script to /home/chino/uvix_ws/install/joy_bridge/lib/joy_bridge\n'}
[4.991736] (joy_bridge) StdoutLine: {'line': b'\n'}
[4.992005] (joy_bridge) StdoutLine: {'line': b'Installed /home/chino/uvix_ws/build/joy_bridge\n'}
[4.992302] (joy_bridge) StdoutLine: {'line': b'running symlink_data\n'}
[4.992598] (joy_bridge) StdoutLine: {'line': b'creating /home/chino/uvix_ws/install/joy_bridge/share/ament_index\n'}
[4.993297] (joy_bridge) StdoutLine: {'line': b'creating /home/chino/uvix_ws/install/joy_bridge/share/ament_index/resource_index\n'}
[4.994494] (joy_bridge) StdoutLine: {'line': b'creating /home/chino/uvix_ws/install/joy_bridge/share/ament_index/resource_index/packages\n'}
[4.995935] (joy_bridge) StdoutLine: {'line': b'symbolically linking /home/chino/uvix_ws/build/joy_bridge/resource/joy_bridge -> /home/chino/uvix_ws/install/joy_bridge/share/ament_index/resource_index/packages\n'}
[4.996331] (joy_bridge) StdoutLine: {'line': b'symbolically linking /home/chino/uvix_ws/build/joy_bridge/package.xml -> /home/chino/uvix_ws/install/joy_bridge/share/joy_bridge\n'}
[5.024576] (bobert_sim) StdoutLine: {'line': b'running egg_info\n'}
[5.025096] (bobert_sim) StdoutLine: {'line': b'creating bobert_sim.egg-info\n'}
[5.027044] (bobert_sim) StdoutLine: {'line': b'writing bobert_sim.egg-info/PKG-INFO\n'}
[5.028072] (bobert_sim) StdoutLine: {'line': b'writing dependency_links to bobert_sim.egg-info/dependency_links.txt\n'}
[5.028629] (bobert_sim) StdoutLine: {'line': b'writing entry points to bobert_sim.egg-info/entry_points.txt\n'}
[5.029506] (bobert_sim) StdoutLine: {'line': b'writing requirements to bobert_sim.egg-info/requires.txt\n'}
[5.029968] (bobert_sim) StdoutLine: {'line': b'writing top-level names to bobert_sim.egg-info/top_level.txt\n'}
[5.030495] (bobert_sim) StdoutLine: {'line': b"writing manifest file 'bobert_sim.egg-info/SOURCES.txt'\n"}
[5.034845] (-) TimerEvent: {}
[5.041496] (bobert_sim) StdoutLine: {'line': b"reading manifest file 'bobert_sim.egg-info/SOURCES.txt'\n"}
[5.048814] (bobert_sim) StdoutLine: {'line': b"writing manifest file 'bobert_sim.egg-info/SOURCES.txt'\n"}
[5.052867] (bobert_sim) StdoutLine: {'line': b'running build_ext\n'}
[5.053390] (bobert_sim) StdoutLine: {'line': b'Creating /home/chino/uvix_ws/install/bobert_sim/lib/python3.10/site-packages/bobert-sim.egg-link (link to .)\n'}
[5.055846] (bobert_sim) StdoutLine: {'line': b'Installing gazebo_ready_watcher script to /home/chino/uvix_ws/install/bobert_sim/lib/bobert_sim\n'}
[5.057534] (bobert_sim) StdoutLine: {'line': b'Installing slam_prereq_checker script to /home/chino/uvix_ws/install/bobert_sim/lib/bobert_sim\n'}
[5.059231] (bobert_sim) StdoutLine: {'line': b'\n'}
[5.060628] (bobert_sim) StdoutLine: {'line': b'Installed /home/chino/uvix_ws/build/bobert_sim\n'}
[5.061823] (bobert_sim) StdoutLine: {'line': b'running symlink_data\n'}
[5.062663] (bobert_sim) StdoutLine: {'line': b'creating /home/chino/uvix_ws/install/bobert_sim/share/ament_index\n'}
[5.063595] (bobert_sim) StdoutLine: {'line': b'creating /home/chino/uvix_ws/install/bobert_sim/share/ament_index/resource_index\n'}
[5.063931] (joy_bridge) CommandEnded: {'returncode': 0}
[5.065283] (bobert_sim) StdoutLine: {'line': b'creating /home/chino/uvix_ws/install/bobert_sim/share/ament_index/resource_index/packages\n'}
[5.065955] (bobert_sim) StdoutLine: {'line': b'symbolically linking /home/chino/uvix_ws/build/bobert_sim/resource/bobert_sim -> /home/chino/uvix_ws/install/bobert_sim/share/ament_index/resource_index/packages\n'}
[5.066282] (bobert_sim) StdoutLine: {'line': b'symbolically linking /home/chino/uvix_ws/build/bobert_sim/package.xml -> /home/chino/uvix_ws/install/bobert_sim/share/bobert_sim\n'}
[5.066465] (bobert_sim) StdoutLine: {'line': b'creating /home/chino/uvix_ws/install/bobert_sim/share/bobert_sim/worlds\n'}
[5.066586] (bobert_sim) StdoutLine: {'line': b'symbolically linking /home/chino/uvix_ws/build/bobert_sim/worlds/hospital.world -> /home/chino/uvix_ws/install/bobert_sim/share/bobert_sim/worlds\n'}
[5.066692] (bobert_sim) StdoutLine: {'line': b'symbolically linking /home/chino/uvix_ws/build/bobert_sim/worlds/hospital_two_floors.world -> /home/chino/uvix_ws/install/bobert_sim/share/bobert_sim/worlds\n'}
[5.067101] (bobert_sim) StdoutLine: {'line': b'symbolically linking /home/chino/uvix_ws/build/bobert_sim/worlds/hospital_three_floors.world -> /home/chino/uvix_ws/install/bobert_sim/share/bobert_sim/worlds\n'}
[5.067732] (bobert_sim) StdoutLine: {'line': b'creating /home/chino/uvix_ws/install/bobert_sim/share/bobert_sim/meshes\n'}
[5.068165] (bobert_sim) StdoutLine: {'line': b'symbolically linking /home/chino/uvix_ws/build/bobert_sim/meshes/base_link.dae -> /home/chino/uvix_ws/install/bobert_sim/share/bobert_sim/meshes\n'}
[5.069763] (bobert_sim) StdoutLine: {'line': b'symbolically linking /home/chino/uvix_ws/build/bobert_sim/meshes/base_link.stl -> /home/chino/uvix_ws/install/bobert_sim/share/bobert_sim/meshes\n'}
[5.071180] (bobert_sim) StdoutLine: {'line': b'symbolically linking /home/chino/uvix_ws/build/bobert_sim/meshes/rear_caster_link.stl -> /home/chino/uvix_ws/install/bobert_sim/share/bobert_sim/meshes\n'}
[5.071736] (bobert_sim) StdoutLine: {'line': b'symbolically linking /home/chino/uvix_ws/build/bobert_sim/meshes/camera_link.stl -> /home/chino/uvix_ws/install/bobert_sim/share/bobert_sim/meshes\n'}
[5.072616] (bobert_sim) StdoutLine: {'line': b'symbolically linking /home/chino/uvix_ws/build/bobert_sim/meshes/rear_road_link.stl -> /home/chino/uvix_ws/install/bobert_sim/share/bobert_sim/meshes\n'}
[5.073902] (bobert_sim) StdoutLine: {'line': b'symbolically linking /home/chino/uvix_ws/build/bobert_sim/meshes/right_wheel_link.stl -> /home/chino/uvix_ws/install/bobert_sim/share/bobert_sim/meshes\n'}
[5.074500] (bobert_sim) StdoutLine: {'line': b'symbolically linking /home/chino/uvix_ws/build/bobert_sim/meshes/imu_link.stl -> /home/chino/uvix_ws/install/bobert_sim/share/bobert_sim/meshes\n'}
[5.075539] (bobert_sim) StdoutLine: {'line': b'symbolically linking /home/chino/uvix_ws/build/bobert_sim/meshes/lidar_link.stl -> /home/chino/uvix_ws/install/bobert_sim/share/bobert_sim/meshes\n'}
[5.076817] (bobert_sim) StdoutLine: {'line': b'symbolically linking /home/chino/uvix_ws/build/bobert_sim/meshes/front_road_link.stl -> /home/chino/uvix_ws/install/bobert_sim/share/bobert_sim/meshes\n'}
[5.077684] (bobert_sim) StdoutLine: {'line': b'symbolically linking /home/chino/uvix_ws/build/bobert_sim/meshes/front_caster_link.stl -> /home/chino/uvix_ws/install/bobert_sim/share/bobert_sim/meshes\n'}
[5.077844] (bobert_sim) StdoutLine: {'line': b'symbolically linking /home/chino/uvix_ws/build/bobert_sim/meshes/left_wheel_link.stl -> /home/chino/uvix_ws/install/bobert_sim/share/bobert_sim/meshes\n'}
[5.078029] (bobert_sim) StdoutLine: {'line': b'creating /home/chino/uvix_ws/install/bobert_sim/share/bobert_sim/urdf\n'}
[5.079113] (bobert_sim) StdoutLine: {'line': b'symbolically linking /home/chino/uvix_ws/build/bobert_sim/urdf/bobert.gazebo -> /home/chino/uvix_ws/install/bobert_sim/share/bobert_sim/urdf\n'}
[5.079676] (bobert_sim) StdoutLine: {'line': b'symbolically linking /home/chino/uvix_ws/build/bobert_sim/urdf/materials.xacro -> /home/chino/uvix_ws/install/bobert_sim/share/bobert_sim/urdf\n'}
[5.079964] (bobert_sim) StdoutLine: {'line': b'symbolically linking /home/chino/uvix_ws/build/bobert_sim/urdf/bobert.xacro -> /home/chino/uvix_ws/install/bobert_sim/share/bobert_sim/urdf\n'}
[5.080775] (bobert_sim) StdoutLine: {'line': b'creating /home/chino/uvix_ws/install/bobert_sim/share/bobert_sim/launch\n'}
[5.081540] (bobert_sim) StdoutLine: {'line': b'symbolically linking /home/chino/uvix_ws/build/bobert_sim/launch/sim_launch.py -> /home/chino/uvix_ws/install/bobert_sim/share/bobert_sim/launch\n'}
[5.081953] (bobert_sim) StdoutLine: {'line': b'symbolically linking /home/chino/uvix_ws/build/bobert_sim/launch/test_mundo.launch.py -> /home/chino/uvix_ws/install/bobert_sim/share/bobert_sim/launch\n'}
[5.082631] (bobert_sim) StdoutLine: {'line': b'creating /home/chino/uvix_ws/install/bobert_sim/share/bobert_sim/config\n'}
[5.083865] (bobert_sim) StdoutLine: {'line': b'symbolically linking /home/chino/uvix_ws/build/bobert_sim/config/bobert_controllers.yaml -> /home/chino/uvix_ws/install/bobert_sim/share/bobert_sim/config\n'}
[5.085275] (bobert_sim) StdoutLine: {'line': b'symbolically linking /home/chino/uvix_ws/build/bobert_sim/config/main.rviz -> /home/chino/uvix_ws/install/bobert_sim/share/bobert_sim/config\n'}
[5.086172] (bobert_sim) StdoutLine: {'line': b'symbolically linking /home/chino/uvix_ws/build/bobert_sim/config/ekf.yaml -> /home/chino/uvix_ws/install/bobert_sim/share/bobert_sim/config\n'}
[5.087089] (bobert_sim) StdoutLine: {'line': b'symbolically linking /home/chino/uvix_ws/build/bobert_sim/config/mapper_params_online_async.yaml -> /home/chino/uvix_ws/install/bobert_sim/share/bobert_sim/config\n'}
[5.087249] (bobert_sim) StdoutLine: {'line': b'creating /home/chino/uvix_ws/install/bobert_sim/share/bobert_sim/maps\n'}
[5.088380] (bobert_sim) StdoutLine: {'line': b'creating /home/chino/uvix_ws/install/bobert_sim/share/bobert_sim/models\n'}
[5.089049] (bobert_sim) StdoutLine: {'line': b'creating /home/chino/uvix_ws/install/bobert_sim/share/bobert_sim/models/aws_robomaker_warehouse_ClutteringC_01\n'}
[5.090770] (bobert_sim) StdoutLine: {'line': b'symbolically linking /home/chino/uvix_ws/build/bobert_sim/models/aws_robomaker_warehouse_ClutteringC_01/model.config -> /home/chino/uvix_ws/install/bobert_sim/share/bobert_sim/models/aws_robomaker_warehouse_ClutteringC_01\n'}
[5.091915] (bobert_sim) StdoutLine: {'line': b'symbolically linking /home/chino/uvix_ws/build/bobert_sim/models/aws_robomaker_warehouse_ClutteringC_01/model.sdf -> /home/chino/uvix_ws/install/bobert_sim/share/bobert_sim/models/aws_robomaker_warehouse_ClutteringC_01\n'}
[5.092514] (bobert_sim) StdoutLine: {'line': b'creating /home/chino/uvix_ws/install/bobert_sim/share/bobert_sim/models/aws_robomaker_warehouse_ClutteringC_01/meshes\n'}
[5.093777] (bobert_sim) StdoutLine: {'line': b'symbolically linking /home/chino/uvix_ws/build/bobert_sim/models/aws_robomaker_warehouse_ClutteringC_01/meshes/aws_robomaker_warehouse_ClutteringC_01_collision.DAE -> /home/chino/uvix_ws/install/bobert_sim/share/bobert_sim/models/aws_robomaker_warehouse_ClutteringC_01/meshes\n'}
[5.094869] (bobert_sim) StdoutLine: {'line': b'symbolically linking /home/chino/uvix_ws/build/bobert_sim/models/aws_robomaker_warehouse_ClutteringC_01/meshes/aws_robomaker_warehouse_ClutteringC_01_visual.DAE -> /home/chino/uvix_ws/install/bobert_sim/share/bobert_sim/models/aws_robomaker_warehouse_ClutteringC_01/meshes\n'}
[5.095842] (bobert_sim) StdoutLine: {'line': b'creating /home/chino/uvix_ws/install/bobert_sim/share/bobert_sim/models/aws_robomaker_warehouse_ClutteringC_01/materials\n'}
[5.097338] (bobert_sim) StdoutLine: {'line': b'creating /home/chino/uvix_ws/install/bobert_sim/share/bobert_sim/models/aws_robomaker_warehouse_ClutteringC_01/materials/textures\n'}
[5.098427] (bobert_sim) StdoutLine: {'line': b'symbolically linking /home/chino/uvix_ws/build/bobert_sim/models/aws_robomaker_warehouse_ClutteringC_01/materials/textures/aws_robomaker_warehouse_ClutteringC_02.png -> /home/chino/uvix_ws/install/bobert_sim/share/bobert_sim/models/aws_robomaker_warehouse_ClutteringC_01/materials/textures\n'}
[5.099922] (bobert_sim) StdoutLine: {'line': b'symbolically linking /home/chino/uvix_ws/build/bobert_sim/models/aws_robomaker_warehouse_ClutteringC_01/materials/textures/aws_robomaker_warehouse_ClutteringC_01.png -> /home/chino/uvix_ws/install/bobert_sim/share/bobert_sim/models/aws_robomaker_warehouse_ClutteringC_01/materials/textures\n'}
[5.100832] (bobert_sim) StdoutLine: {'line': b'creating /home/chino/uvix_ws/install/bobert_sim/share/bobert_sim/models/aws_robomaker_residential_Sofa_01\n'}
[5.102601] (bobert_sim) StdoutLine: {'line': b'symbolically linking /home/chino/uvix_ws/build/bobert_sim/models/aws_robomaker_residential_Sofa_01/model.config -> /home/chino/uvix_ws/install/bobert_sim/share/bobert_sim/models/aws_robomaker_residential_Sofa_01\n'}
[5.103409] (bobert_sim) StdoutLine: {'line': b'symbolically linking /home/chino/uvix_ws/build/bobert_sim/models/aws_robomaker_residential_Sofa_01/model.sdf -> /home/chino/uvix_ws/install/bobert_sim/share/bobert_sim/models/aws_robomaker_residential_Sofa_01\n'}
[5.104397] (bobert_sim) StdoutLine: {'line': b'creating /home/chino/uvix_ws/install/bobert_sim/share/bobert_sim/models/aws_robomaker_residential_Sofa_01/meshes\n'}
[5.105824] (bobert_sim) StdoutLine: {'line': b'symbolically linking /home/chino/uvix_ws/build/bobert_sim/models/aws_robomaker_residential_Sofa_01/meshes/aws_Sofa_01_collision.DAE -> /home/chino/uvix_ws/install/bobert_sim/share/bobert_sim/models/aws_robomaker_residential_Sofa_01/meshes\n'}
[5.106914] (bobert_sim) StdoutLine: {'line': b'symbolically linking /home/chino/uvix_ws/build/bobert_sim/models/aws_robomaker_residential_Sofa_01/meshes/aws_Sofa_01.DAE -> /home/chino/uvix_ws/install/bobert_sim/share/bobert_sim/models/aws_robomaker_residential_Sofa_01/meshes\n'}
[5.108072] (bobert_sim) StdoutLine: {'line': b'symbolically linking /home/chino/uvix_ws/build/bobert_sim/models/aws_robomaker_residential_Sofa_01/meshes/aws_Sofa_01_visual.DAE -> /home/chino/uvix_ws/install/bobert_sim/share/bobert_sim/models/aws_robomaker_residential_Sofa_01/meshes\n'}
[5.109233] (bobert_sim) StdoutLine: {'line': b'creating /home/chino/uvix_ws/install/bobert_sim/share/bobert_sim/models/aws_robomaker_residential_Sofa_01/materials\n'}
[5.111027] (bobert_sim) StdoutLine: {'line': b'creating /home/chino/uvix_ws/install/bobert_sim/share/bobert_sim/models/aws_robomaker_residential_Sofa_01/materials/textures\n'}
[5.112108] (bobert_sim) StdoutLine: {'line': b'symbolically linking /home/chino/uvix_ws/build/bobert_sim/models/aws_robomaker_residential_Sofa_01/materials/textures/aws_Sofa_01.png -> /home/chino/uvix_ws/install/bobert_sim/share/bobert_sim/models/aws_robomaker_residential_Sofa_01/materials/textures\n'}
[5.113479] (bobert_sim) StdoutLine: {'line': b'creating /home/chino/uvix_ws/install/bobert_sim/share/bobert_sim/models/aws_robomaker_hospital_elevator_01_portal\n'}
[5.115978] (bobert_sim) StdoutLine: {'line': b'symbolically linking /home/chino/uvix_ws/build/bobert_sim/models/aws_robomaker_hospital_elevator_01_portal/model.config -> /home/chino/uvix_ws/install/bobert_sim/share/bobert_sim/models/aws_robomaker_hospital_elevator_01_portal\n'}
[5.117564] (bobert_sim) StdoutLine: {'line': b'symbolically linking /home/chino/uvix_ws/build/bobert_sim/models/aws_robomaker_hospital_elevator_01_portal/model.sdf -> /home/chino/uvix_ws/install/bobert_sim/share/bobert_sim/models/aws_robomaker_hospital_elevator_01_portal\n'}
[5.118650] (bobert_sim) StdoutLine: {'line': b'creating /home/chino/uvix_ws/install/bobert_sim/share/bobert_sim/models/aws_robomaker_hospital_elevator_01_portal/meshes\n'}
[5.119667] (bobert_sim) StdoutLine: {'line': b'symbolically linking /home/chino/uvix_ws/build/bobert_sim/models/aws_robomaker_hospital_elevator_01_portal/meshes/aws_robomaker_hospital_elevator_01_low.png -> /home/chino/uvix_ws/install/bobert_sim/share/bobert_sim/models/aws_robomaker_hospital_elevator_01_portal/meshes\n'}
[5.120407] (bobert_sim) StdoutLine: {'line': b'symbolically linking /home/chino/uvix_ws/build/bobert_sim/models/aws_robomaker_hospital_elevator_01_portal/meshes/aws_robomaker_hospital_elevator_01_portal_collision.dae -> /home/chino/uvix_ws/install/bobert_sim/share/bobert_sim/models/aws_robomaker_hospital_elevator_01_portal/meshes\n'}
[5.121836] (bobert_sim) StdoutLine: {'line': b'symbolically linking /home/chino/uvix_ws/build/bobert_sim/models/aws_robomaker_hospital_elevator_01_portal/meshes/aws_robomaker_hospital_elevator_01_visual.png -> /home/chino/uvix_ws/install/bobert_sim/share/bobert_sim/models/aws_robomaker_hospital_elevator_01_portal/meshes\n'}
[5.123805] (bobert_sim) StdoutLine: {'line': b'symbolically linking /home/chino/uvix_ws/build/bobert_sim/models/aws_robomaker_hospital_elevator_01_portal/meshes/aws_robomaker_hospital_elevator_01_portal_visual.dae -> /home/chino/uvix_ws/install/bobert_sim/share/bobert_sim/models/aws_robomaker_hospital_elevator_01_portal/meshes\n'}
[5.125924] (bobert_sim) StdoutLine: {'line': b'symbolically linking /home/chino/uvix_ws/build/bobert_sim/models/aws_robomaker_hospital_elevator_01_portal/meshes/aws_robomaker_hospital_elevator_01_portal_low.dae -> /home/chino/uvix_ws/install/bobert_sim/share/bobert_sim/models/aws_robomaker_hospital_elevator_01_portal/meshes\n'}
[5.127052] (bobert_sim) StdoutLine: {'line': b'symbolically linking /home/chino/uvix_ws/build/bobert_sim/models/aws_robomaker_hospital_elevator_01_portal/meshes/aws_robomaker_hospital_elevator_01_low_normal.png -> /home/chino/uvix_ws/install/bobert_sim/share/bobert_sim/models/aws_robomaker_hospital_elevator_01_portal/meshes\n'}
[5.127373] (bobert_sim) StdoutLine: {'line': b'symbolically linking /home/chino/uvix_ws/build/bobert_sim/models/aws_robomaker_hospital_elevator_01_portal/meshes/aws_robomaker_hospital_elevator_01_visual_normal.png -> /home/chino/uvix_ws/install/bobert_sim/share/bobert_sim/models/aws_robomaker_hospital_elevator_01_portal/meshes\n'}
[5.129635] (bobert_sim) StdoutLine: {'line': b'creating /home/chino/uvix_ws/install/bobert_sim/share/bobert_sim/models/aws_robomaker_residential_CoffeeTable_01\n'}
[5.130428] (bobert_sim) StdoutLine: {'line': b'symbolically linking /home/chino/uvix_ws/build/bobert_sim/models/aws_robomaker_residential_CoffeeTable_01/model.config -> /home/chino/uvix_ws/install/bobert_sim/share/bobert_sim/models/aws_robomaker_residential_CoffeeTable_01\n'}
[5.131804] (bobert_sim) StdoutLine: {'line': b'symbolically linking /home/chino/uvix_ws/build/bobert_sim/models/aws_robomaker_residential_CoffeeTable_01/model.sdf -> /home/chino/uvix_ws/install/bobert_sim/share/bobert_sim/models/aws_robomaker_residential_CoffeeTable_01\n'}
[5.133346] (bobert_sim) StdoutLine: {'line': b'creating /home/chino/uvix_ws/install/bobert_sim/share/bobert_sim/models/aws_robomaker_residential_CoffeeTable_01/meshes\n'}
[5.134273] (bobert_sim) StdoutLine: {'line': b'symbolically linking /home/chino/uvix_ws/build/bobert_sim/models/aws_robomaker_residential_CoffeeTable_01/meshes/aws_CoffeeTable_01_collision.DAE -> /home/chino/uvix_ws/install/bobert_sim/share/bobert_sim/models/aws_robomaker_residential_CoffeeTable_01/meshes\n'}
[5.135386] (-) TimerEvent: {}
[5.135905] (bobert_sim) StdoutLine: {'line': b'symbolically linking /home/chino/uvix_ws/build/bobert_sim/models/aws_robomaker_residential_CoffeeTable_01/meshes/aws_CoffeeTable_01_visual.DAE -> /home/chino/uvix_ws/install/bobert_sim/share/bobert_sim/models/aws_robomaker_residential_CoffeeTable_01/meshes\n'}
[5.136130] (bobert_sim) StdoutLine: {'line': b'creating /home/chino/uvix_ws/install/bobert_sim/share/bobert_sim/models/aws_robomaker_residential_CoffeeTable_01/materials\n'}
[5.137923] (bobert_sim) StdoutLine: {'line': b'creating /home/chino/uvix_ws/install/bobert_sim/share/bobert_sim/models/aws_robomaker_residential_CoffeeTable_01/materials/textures\n'}
[5.139223] (bobert_sim) StdoutLine: {'line': b'symbolically linking /home/chino/uvix_ws/build/bobert_sim/models/aws_robomaker_residential_CoffeeTable_01/materials/textures/aws_CoffeeTable_01.png -> /home/chino/uvix_ws/install/bobert_sim/share/bobert_sim/models/aws_robomaker_residential_CoffeeTable_01/materials/textures\n'}
[5.139484] (bobert_sim) StdoutLine: {'line': b'creating /home/chino/uvix_ws/install/bobert_sim/share/bobert_sim/models/aws_robomaker_hospital_curtain_half_open_01\n'}
[5.139616] (bobert_sim) StdoutLine: {'line': b'symbolically linking /home/chino/uvix_ws/build/bobert_sim/models/aws_robomaker_hospital_curtain_half_open_01/model.config -> /home/chino/uvix_ws/install/bobert_sim/share/bobert_sim/models/aws_robomaker_hospital_curtain_half_open_01\n'}
[5.140173] (bobert_sim) StdoutLine: {'line': b'symbolically linking /home/chino/uvix_ws/build/bobert_sim/models/aws_robomaker_hospital_curtain_half_open_01/model.sdf -> /home/chino/uvix_ws/install/bobert_sim/share/bobert_sim/models/aws_robomaker_hospital_curtain_half_open_01\n'}
[5.142186] (bobert_sim) StdoutLine: {'line': b'creating /home/chino/uvix_ws/install/bobert_sim/share/bobert_sim/models/aws_robomaker_hospital_curtain_half_open_01/meshes\n'}
[5.142976] (bobert_sim) StdoutLine: {'line': b'symbolically linking /home/chino/uvix_ws/build/bobert_sim/models/aws_robomaker_hospital_curtain_half_open_01/meshes/aws_robomaker_hospital_curtain_half_open_01_visual_normal.png -> /home/chino/uvix_ws/install/bobert_sim/share/bobert_sim/models/aws_robomaker_hospital_curtain_half_open_01/meshes\n'}
[5.143887] (bobert_sim) StdoutLine: {'line': b'symbolically linking /home/chino/uvix_ws/build/bobert_sim/models/aws_robomaker_hospital_curtain_half_open_01/meshes/aws_robomaker_hospital_curtain_half_open_01_low_normal.png -> /home/chino/uvix_ws/install/bobert_sim/share/bobert_sim/models/aws_robomaker_hospital_curtain_half_open_01/meshes\n'}
[5.144171] (bobert_sim) StdoutLine: {'line': b'symbolically linking /home/chino/uvix_ws/build/bobert_sim/models/aws_robomaker_hospital_curtain_half_open_01/meshes/aws_robomaker_hospital_curtain_half_open_01_visual.png -> /home/chino/uvix_ws/install/bobert_sim/share/bobert_sim/models/aws_robomaker_hospital_curtain_half_open_01/meshes\n'}
[5.144616] (bobert_sim) StdoutLine: {'line': b'symbolically linking /home/chino/uvix_ws/build/bobert_sim/models/aws_robomaker_hospital_curtain_half_open_01/meshes/aws_robomaker_hospital_curtainrail_01_low_normal.png -> /home/chino/uvix_ws/install/bobert_sim/share/bobert_sim/models/aws_robomaker_hospital_curtain_half_open_01/meshes\n'}
[5.146373] (bobert_sim) StdoutLine: {'line': b'symbolically linking /home/chino/uvix_ws/build/bobert_sim/models/aws_robomaker_hospital_curtain_half_open_01/meshes/aws_robomaker_hospital_curtain_half_open_01_collision.dae -> /home/chino/uvix_ws/install/bobert_sim/share/bobert_sim/models/aws_robomaker_hospital_curtain_half_open_01/meshes\n'}
[5.147076] (bobert_sim) StdoutLine: {'line': b'symbolically linking /home/chino/uvix_ws/build/bobert_sim/models/aws_robomaker_hospital_curtain_half_open_01/meshes/aws_robomaker_hospital_curtain_half_open_01_low.png -> /home/chino/uvix_ws/install/bobert_sim/share/bobert_sim/models/aws_robomaker_hospital_curtain_half_open_01/meshes\n'}
[5.148374] (bobert_sim) StdoutLine: {'line': b'symbolically linking /home/chino/uvix_ws/build/bobert_sim/models/aws_robomaker_hospital_curtain_half_open_01/meshes/aws_robomaker_hospital_curtainrail_01_low.png -> /home/chino/uvix_ws/install/bobert_sim/share/bobert_sim/models/aws_robomaker_hospital_curtain_half_open_01/meshes\n'}
[5.148681] (bobert_sim) StdoutLine: {'line': b'symbolically linking /home/chino/uvix_ws/build/bobert_sim/models/aws_robomaker_hospital_curtain_half_open_01/meshes/aws_robomaker_hospital_curtain_half_open_01_visual.dae -> /home/chino/uvix_ws/install/bobert_sim/share/bobert_sim/models/aws_robomaker_hospital_curtain_half_open_01/meshes\n'}
[5.149216] (bobert_sim) StdoutLine: {'line': b'symbolically linking /home/chino/uvix_ws/build/bobert_sim/models/aws_robomaker_hospital_curtain_half_open_01/meshes/aws_robomaker_hospital_curtainrail_01_visual.png -> /home/chino/uvix_ws/install/bobert_sim/share/bobert_sim/models/aws_robomaker_hospital_curtain_half_open_01/meshes\n'}
[5.149577] (bobert_sim) StdoutLine: {'line': b'symbolically linking /home/chino/uvix_ws/build/bobert_sim/models/aws_robomaker_hospital_curtain_half_open_01/meshes/aws_robomaker_hospital_curtainrail_01_visual_normal.png -> /home/chino/uvix_ws/install/bobert_sim/share/bobert_sim/models/aws_robomaker_hospital_curtain_half_open_01/meshes\n'}
[5.151332] (joy_bridge) JobEnded: {'identifier': 'joy_bridge', 'rc': 0}
[5.153803] (bobert_sim) StdoutLine: {'line': b'creating /home/chino/uvix_ws/install/bobert_sim/share/bobert_sim/models/aws_robomaker_hospital_floor_02_floor\n'}
[5.154974] (bobert_sim) StdoutLine: {'line': b'symbolically linking /home/chino/uvix_ws/build/bobert_sim/models/aws_robomaker_hospital_floor_02_floor/model.config -> /home/chino/uvix_ws/install/bobert_sim/share/bobert_sim/models/aws_robomaker_hospital_floor_02_floor\n'}
[5.156094] (bobert_sim) StdoutLine: {'line': b'symbolically linking /home/chino/uvix_ws/build/bobert_sim/models/aws_robomaker_hospital_floor_02_floor/model.sdf -> /home/chino/uvix_ws/install/bobert_sim/share/bobert_sim/models/aws_robomaker_hospital_floor_02_floor\n'}
[5.157493] (bobert_sim) StdoutLine: {'line': b'creating /home/chino/uvix_ws/install/bobert_sim/share/bobert_sim/models/aws_robomaker_hospital_floor_02_floor/meshes\n'}
[5.158883] (bobert_sim) StdoutLine: {'line': b'symbolically linking /home/chino/uvix_ws/build/bobert_sim/models/aws_robomaker_hospital_floor_02_floor/meshes/aws_robomaker_hospital_floor_02_floor_collision.dae -> /home/chino/uvix_ws/install/bobert_sim/share/bobert_sim/models/aws_robomaker_hospital_floor_02_floor/meshes\n'}
[5.160352] (bobert_sim) StdoutLine: {'line': b'symbolically linking /home/chino/uvix_ws/build/bobert_sim/models/aws_robomaker_hospital_floor_02_floor/meshes/aws_robomaker_hospital_floor_02_floor_normal.png -> /home/chino/uvix_ws/install/bobert_sim/share/bobert_sim/models/aws_robomaker_hospital_floor_02_floor/meshes\n'}
[5.161473] (bobert_sim) StdoutLine: {'line': b'symbolically linking /home/chino/uvix_ws/build/bobert_sim/models/aws_robomaker_hospital_floor_02_floor/meshes/aws_robomaker_hospital_floor_02_floor.png -> /home/chino/uvix_ws/install/bobert_sim/share/bobert_sim/models/aws_robomaker_hospital_floor_02_floor/meshes\n'}
[5.162563] (bobert_sim) StdoutLine: {'line': b'symbolically linking /home/chino/uvix_ws/build/bobert_sim/models/aws_robomaker_hospital_floor_02_floor/meshes/aws_robomaker_hospital_floor_02_floor_visual.dae -> /home/chino/uvix_ws/install/bobert_sim/share/bobert_sim/models/aws_robomaker_hospital_floor_02_floor/meshes\n'}
[5.163751] (bobert_sim) StdoutLine: {'line': b'creating /home/chino/uvix_ws/install/bobert_sim/share/bobert_sim/models/aws_robomaker_hospital_floor_01_walls\n'}
[5.164915] (bobert_sim) StdoutLine: {'line': b'symbolically linking /home/chino/uvix_ws/build/bobert_sim/models/aws_robomaker_hospital_floor_01_walls/model.config -> /home/chino/uvix_ws/install/bobert_sim/share/bobert_sim/models/aws_robomaker_hospital_floor_01_walls\n'}
[5.165863] (bobert_sim) StdoutLine: {'line': b'symbolically linking /home/chino/uvix_ws/build/bobert_sim/models/aws_robomaker_hospital_floor_01_walls/model.sdf -> /home/chino/uvix_ws/install/bobert_sim/share/bobert_sim/models/aws_robomaker_hospital_floor_01_walls\n'}
[5.167258] (bobert_sim) StdoutLine: {'line': b'creating /home/chino/uvix_ws/install/bobert_sim/share/bobert_sim/models/aws_robomaker_hospital_floor_01_walls/meshes\n'}
[5.168441] (bobert_sim) StdoutLine: {'line': b'symbolically linking /home/chino/uvix_ws/build/bobert_sim/models/aws_robomaker_hospital_floor_01_walls/meshes/aws_robomaker_hospital_floor_01_doorsign.png -> /home/chino/uvix_ws/install/bobert_sim/share/bobert_sim/models/aws_robomaker_hospital_floor_01_walls/meshes\n'}
[5.169578] (bobert_sim) StdoutLine: {'line': b'symbolically linking /home/chino/uvix_ws/build/bobert_sim/models/aws_robomaker_hospital_floor_01_walls/meshes/aws_robomaker_hospital_floor_01_doorframes_small.png -> /home/chino/uvix_ws/install/bobert_sim/share/bobert_sim/models/aws_robomaker_hospital_floor_01_walls/meshes\n'}
[5.170638] (bobert_sim) StdoutLine: {'line': b'symbolically linking /home/chino/uvix_ws/build/bobert_sim/models/aws_robomaker_hospital_floor_01_walls/meshes/aws_robomaker_hospital_floor_01_handrail.png -> /home/chino/uvix_ws/install/bobert_sim/share/bobert_sim/models/aws_robomaker_hospital_floor_01_walls/meshes\n'}
[5.171692] (bobert_sim) StdoutLine: {'line': b'symbolically linking /home/chino/uvix_ws/build/bobert_sim/models/aws_robomaker_hospital_floor_01_walls/meshes/aws_robomaker_hospital_floor_01_doorframes_big.png -> /home/chino/uvix_ws/install/bobert_sim/share/bobert_sim/models/aws_robomaker_hospital_floor_01_walls/meshes\n'}
[5.172947] (bobert_sim) StdoutLine: {'line': b'symbolically linking /home/chino/uvix_ws/build/bobert_sim/models/aws_robomaker_hospital_floor_01_walls/meshes/aws_robomaker_hospital_floor_01_stairs.png -> /home/chino/uvix_ws/install/bobert_sim/share/bobert_sim/models/aws_robomaker_hospital_floor_01_walls/meshes\n'}
[5.174058] (bobert_sim) StdoutLine: {'line': b'symbolically linking /home/chino/uvix_ws/build/bobert_sim/models/aws_robomaker_hospital_floor_01_walls/meshes/aws_robomaker_hospital_floor_01_walls_visual.dae -> /home/chino/uvix_ws/install/bobert_sim/share/bobert_sim/models/aws_robomaker_hospital_floor_01_walls/meshes\n'}
[5.175060] (bobert_sim) StdoutLine: {'line': b'symbolically linking /home/chino/uvix_ws/build/bobert_sim/models/aws_robomaker_hospital_floor_01_walls/meshes/aws_robomaker_hospital_floor_01_bumprail.png -> /home/chino/uvix_ws/install/bobert_sim/share/bobert_sim/models/aws_robomaker_hospital_floor_01_walls/meshes\n'}
[5.176272] (bobert_sim) StdoutLine: {'line': b'symbolically linking /home/chino/uvix_ws/build/bobert_sim/models/aws_robomaker_hospital_floor_01_walls/meshes/aws_robomaker_hospital_floor_01_windows.png -> /home/chino/uvix_ws/install/bobert_sim/share/bobert_sim/models/aws_robomaker_hospital_floor_01_walls/meshes\n'}
[5.177470] (bobert_sim) StdoutLine: {'line': b'symbolically linking /home/chino/uvix_ws/build/bobert_sim/models/aws_robomaker_hospital_floor_01_walls/meshes/aws_robomaker_hospital_floor_01_walls_collision.dae -> /home/chino/uvix_ws/install/bobert_sim/share/bobert_sim/models/aws_robomaker_hospital_floor_01_walls/meshes\n'}
[5.178503] (bobert_sim) StdoutLine: {'line': b'symbolically linking /home/chino/uvix_ws/build/bobert_sim/models/aws_robomaker_hospital_floor_01_walls/meshes/aws_robomaker_hospital_floor_01_walls.png -> /home/chino/uvix_ws/install/bobert_sim/share/bobert_sim/models/aws_robomaker_hospital_floor_01_walls/meshes\n'}
[5.179578] (bobert_sim) StdoutLine: {'line': b'creating /home/chino/uvix_ws/install/bobert_sim/share/bobert_sim/models/aws_robomaker_retail_BookshelfB_01\n'}
[5.180751] (bobert_sim) StdoutLine: {'line': b'symbolically linking /home/chino/uvix_ws/build/bobert_sim/models/aws_robomaker_retail_BookshelfB_01/model.config -> /home/chino/uvix_ws/install/bobert_sim/share/bobert_sim/models/aws_robomaker_retail_BookshelfB_01\n'}
[5.182067] (bobert_sim) StdoutLine: {'line': b'symbolically linking /home/chino/uvix_ws/build/bobert_sim/models/aws_robomaker_retail_BookshelfB_01/model.sdf -> /home/chino/uvix_ws/install/bobert_sim/share/bobert_sim/models/aws_robomaker_retail_BookshelfB_01\n'}
[5.183249] (bobert_sim) StdoutLine: {'line': b'creating /home/chino/uvix_ws/install/bobert_sim/share/bobert_sim/models/aws_robomaker_retail_BookshelfB_01/meshes\n'}
[5.184640] (bobert_sim) StdoutLine: {'line': b'symbolically linking /home/chino/uvix_ws/build/bobert_sim/models/aws_robomaker_retail_BookshelfB_01/meshes/aws_BookshelfB_01_collision.DAE -> /home/chino/uvix_ws/install/bobert_sim/share/bobert_sim/models/aws_robomaker_retail_BookshelfB_01/meshes\n'}
[5.185731] (bobert_sim) StdoutLine: {'line': b'symbolically linking /home/chino/uvix_ws/build/bobert_sim/models/aws_robomaker_retail_BookshelfB_01/meshes/aws_BookshelfB_01_visual.DAE -> /home/chino/uvix_ws/install/bobert_sim/share/bobert_sim/models/aws_robomaker_retail_BookshelfB_01/meshes\n'}
[5.186792] (bobert_sim) StdoutLine: {'line': b'creating /home/chino/uvix_ws/install/bobert_sim/share/bobert_sim/models/aws_robomaker_retail_BookshelfB_01/materials\n'}
[5.187882] (bobert_sim) StdoutLine: {'line': b'creating /home/chino/uvix_ws/install/bobert_sim/share/bobert_sim/models/aws_robomaker_retail_BookshelfB_01/materials/textures\n'}
[5.189227] (bobert_sim) StdoutLine: {'line': b'symbolically linking /home/chino/uvix_ws/build/bobert_sim/models/aws_robomaker_retail_BookshelfB_01/materials/textures/aws_BookshelfB_02.png -> /home/chino/uvix_ws/install/bobert_sim/share/bobert_sim/models/aws_robomaker_retail_BookshelfB_01/materials/textures\n'}
[5.190238] (bobert_sim) StdoutLine: {'line': b'symbolically linking /home/chino/uvix_ws/build/bobert_sim/models/aws_robomaker_retail_BookshelfB_01/materials/textures/aws_BookshelfB_01.png -> /home/chino/uvix_ws/install/bobert_sim/share/bobert_sim/models/aws_robomaker_retail_BookshelfB_01/materials/textures\n'}
[5.191235] (bobert_sim) StdoutLine: {'line': b'creating /home/chino/uvix_ws/install/bobert_sim/share/bobert_sim/models/aws_robomaker_residential_PortraitB_01\n'}
[5.192565] (bobert_sim) StdoutLine: {'line': b'symbolically linking /home/chino/uvix_ws/build/bobert_sim/models/aws_robomaker_residential_PortraitB_01/model.config -> /home/chino/uvix_ws/install/bobert_sim/share/bobert_sim/models/aws_robomaker_residential_PortraitB_01\n'}
[5.194103] (bobert_sim) StdoutLine: {'line': b'symbolically linking /home/chino/uvix_ws/build/bobert_sim/models/aws_robomaker_residential_PortraitB_01/model.sdf -> /home/chino/uvix_ws/install/bobert_sim/share/bobert_sim/models/aws_robomaker_residential_PortraitB_01\n'}
[5.195313] (bobert_sim) StdoutLine: {'line': b'creating /home/chino/uvix_ws/install/bobert_sim/share/bobert_sim/models/aws_robomaker_residential_PortraitB_01/meshes\n'}
[5.196430] (bobert_sim) StdoutLine: {'line': b'symbolically linking /home/chino/uvix_ws/build/bobert_sim/models/aws_robomaker_residential_PortraitB_01/meshes/aws_PortraitB_01_visual.DAE -> /home/chino/uvix_ws/install/bobert_sim/share/bobert_sim/models/aws_robomaker_residential_PortraitB_01/meshes\n'}
[5.197578] (bobert_sim) StdoutLine: {'line': b'symbolically linking /home/chino/uvix_ws/build/bobert_sim/models/aws_robomaker_residential_PortraitB_01/meshes/aws_PortraitB_01_collision.DAE -> /home/chino/uvix_ws/install/bobert_sim/share/bobert_sim/models/aws_robomaker_residential_PortraitB_01/meshes\n'}
[5.198567] (bobert_sim) StdoutLine: {'line': b'creating /home/chino/uvix_ws/install/bobert_sim/share/bobert_sim/models/aws_robomaker_residential_PortraitB_01/materials\n'}
[5.199685] (bobert_sim) StdoutLine: {'line': b'creating /home/chino/uvix_ws/install/bobert_sim/share/bobert_sim/models/aws_robomaker_residential_PortraitB_01/materials/textures\n'}
[5.200893] (bobert_sim) StdoutLine: {'line': b'symbolically linking /home/chino/uvix_ws/build/bobert_sim/models/aws_robomaker_residential_PortraitB_01/materials/textures/aws_PortraitB_02.png -> /home/chino/uvix_ws/install/bobert_sim/share/bobert_sim/models/aws_robomaker_residential_PortraitB_01/materials/textures\n'}
[5.202123] (bobert_sim) StdoutLine: {'line': b'symbolically linking /home/chino/uvix_ws/build/bobert_sim/models/aws_robomaker_residential_PortraitB_01/materials/textures/aws_PortraitB_01.png -> /home/chino/uvix_ws/install/bobert_sim/share/bobert_sim/models/aws_robomaker_residential_PortraitB_01/materials/textures\n'}
[5.203208] (bobert_sim) StdoutLine: {'line': b'creating /home/chino/uvix_ws/install/bobert_sim/share/bobert_sim/models/aws_robomaker_residential_TV_02\n'}
[5.204254] (bobert_sim) StdoutLine: {'line': b'symbolically linking /home/chino/uvix_ws/build/bobert_sim/models/aws_robomaker_residential_TV_02/model.config -> /home/chino/uvix_ws/install/bobert_sim/share/bobert_sim/models/aws_robomaker_residential_TV_02\n'}
[5.205490] (bobert_sim) StdoutLine: {'line': b'symbolically linking /home/chino/uvix_ws/build/bobert_sim/models/aws_robomaker_residential_TV_02/model.sdf -> /home/chino/uvix_ws/install/bobert_sim/share/bobert_sim/models/aws_robomaker_residential_TV_02\n'}
[5.206745] (bobert_sim) StdoutLine: {'line': b'creating /home/chino/uvix_ws/install/bobert_sim/share/bobert_sim/models/aws_robomaker_residential_TV_02/meshes\n'}
[5.207908] (bobert_sim) StdoutLine: {'line': b'symbolically linking /home/chino/uvix_ws/build/bobert_sim/models/aws_robomaker_residential_TV_02/meshes/aws_TV_01_collision.DAE -> /home/chino/uvix_ws/install/bobert_sim/share/bobert_sim/models/aws_robomaker_residential_TV_02/meshes\n'}
[5.208978] (bobert_sim) StdoutLine: {'line': b'symbolically linking /home/chino/uvix_ws/build/bobert_sim/models/aws_robomaker_residential_TV_02/meshes/aws_TV_01_visual.DAE -> /home/chino/uvix_ws/install/bobert_sim/share/bobert_sim/models/aws_robomaker_residential_TV_02/meshes\n'}
[5.210269] (bobert_sim) StdoutLine: {'line': b'creating /home/chino/uvix_ws/install/bobert_sim/share/bobert_sim/models/aws_robomaker_residential_TV_02/materials\n'}
[5.211388] (bobert_sim) StdoutLine: {'line': b'creating /home/chino/uvix_ws/install/bobert_sim/share/bobert_sim/models/aws_robomaker_residential_TV_02/materials/textures\n'}
[5.212644] (bobert_sim) StdoutLine: {'line': b'symbolically linking /home/chino/uvix_ws/build/bobert_sim/models/aws_robomaker_residential_TV_02/materials/textures/aws_TV_01.png -> /home/chino/uvix_ws/install/bobert_sim/share/bobert_sim/models/aws_robomaker_residential_TV_02/materials/textures\n'}
[5.213761] (bobert_sim) StdoutLine: {'line': b'creating /home/chino/uvix_ws/install/bobert_sim/share/bobert_sim/models/aws_robomaker_residential_Refrigerator_01\n'}
[5.214776] (bobert_sim) StdoutLine: {'line': b'symbolically linking /home/chino/uvix_ws/build/bobert_sim/models/aws_robomaker_residential_Refrigerator_01/model.config -> /home/chino/uvix_ws/install/bobert_sim/share/bobert_sim/models/aws_robomaker_residential_Refrigerator_01\n'}
[5.215791] (bobert_sim) StdoutLine: {'line': b'symbolically linking /home/chino/uvix_ws/build/bobert_sim/models/aws_robomaker_residential_Refrigerator_01/model.sdf -> /home/chino/uvix_ws/install/bobert_sim/share/bobert_sim/models/aws_robomaker_residential_Refrigerator_01\n'}
[5.216840] (bobert_sim) StdoutLine: {'line': b'creating /home/chino/uvix_ws/install/bobert_sim/share/bobert_sim/models/aws_robomaker_residential_Refrigerator_01/meshes\n'}
[5.217883] (bobert_sim) StdoutLine: {'line': b'symbolically linking /home/chino/uvix_ws/build/bobert_sim/models/aws_robomaker_residential_Refrigerator_01/meshes/aws_Refrigerator_01.DAE -> /home/chino/uvix_ws/install/bobert_sim/share/bobert_sim/models/aws_robomaker_residential_Refrigerator_01/meshes\n'}
[5.219023] (bobert_sim) StdoutLine: {'line': b'symbolically linking /home/chino/uvix_ws/build/bobert_sim/models/aws_robomaker_residential_Refrigerator_01/meshes/aws_Refrigerator_01_collision.DAE -> /home/chino/uvix_ws/install/bobert_sim/share/bobert_sim/models/aws_robomaker_residential_Refrigerator_01/meshes\n'}
[5.220051] (bobert_sim) StdoutLine: {'line': b'symbolically linking /home/chino/uvix_ws/build/bobert_sim/models/aws_robomaker_residential_Refrigerator_01/meshes/aws_Refrigerator_01_visual.DAE -> /home/chino/uvix_ws/install/bobert_sim/share/bobert_sim/models/aws_robomaker_residential_Refrigerator_01/meshes\n'}
[5.221036] (bobert_sim) StdoutLine: {'line': b'creating /home/chino/uvix_ws/install/bobert_sim/share/bobert_sim/models/aws_robomaker_residential_Refrigerator_01/materials\n'}
[5.222116] (bobert_sim) StdoutLine: {'line': b'creating /home/chino/uvix_ws/install/bobert_sim/share/bobert_sim/models/aws_robomaker_residential_Refrigerator_01/materials/textures\n'}
[5.223145] (bobert_sim) StdoutLine: {'line': b'symbolically linking /home/chino/uvix_ws/build/bobert_sim/models/aws_robomaker_residential_Refrigerator_01/materials/textures/aws_Refrigerator_01.png -> /home/chino/uvix_ws/install/bobert_sim/share/bobert_sim/models/aws_robomaker_residential_Refrigerator_01/materials/textures\n'}
[5.224202] (bobert_sim) StdoutLine: {'line': b'symbolically linking /home/chino/uvix_ws/build/bobert_sim/models/aws_robomaker_residential_Refrigerator_01/materials/textures/aws_Refrigerator_02.png -> /home/chino/uvix_ws/install/bobert_sim/share/bobert_sim/models/aws_robomaker_residential_Refrigerator_01/materials/textures\n'}
[5.225351] (bobert_sim) StdoutLine: {'line': b'creating /home/chino/uvix_ws/install/bobert_sim/share/bobert_sim/models/aws_robomaker_hospital_elevator_01_car\n'}
[5.226906] (bobert_sim) StdoutLine: {'line': b'symbolically linking /home/chino/uvix_ws/build/bobert_sim/models/aws_robomaker_hospital_elevator_01_car/model.config -> /home/chino/uvix_ws/install/bobert_sim/share/bobert_sim/models/aws_robomaker_hospital_elevator_01_car\n'}
[5.228495] (bobert_sim) StdoutLine: {'line': b'symbolically linking /home/chino/uvix_ws/build/bobert_sim/models/aws_robomaker_hospital_elevator_01_car/model.sdf -> /home/chino/uvix_ws/install/bobert_sim/share/bobert_sim/models/aws_robomaker_hospital_elevator_01_car\n'}
[5.230036] (bobert_sim) StdoutLine: {'line': b'creating /home/chino/uvix_ws/install/bobert_sim/share/bobert_sim/models/aws_robomaker_hospital_elevator_01_car/meshes\n'}
[5.231470] (bobert_sim) StdoutLine: {'line': b'symbolically linking /home/chino/uvix_ws/build/bobert_sim/models/aws_robomaker_hospital_elevator_01_car/meshes/aws_robomaker_hospital_elevator_01_low.png -> /home/chino/uvix_ws/install/bobert_sim/share/bobert_sim/models/aws_robomaker_hospital_elevator_01_car/meshes\n'}
[5.232938] (bobert_sim) StdoutLine: {'line': b'symbolically linking /home/chino/uvix_ws/build/bobert_sim/models/aws_robomaker_hospital_elevator_01_car/meshes/aws_robomaker_hospital_elevator_01_car_low.dae -> /home/chino/uvix_ws/install/bobert_sim/share/bobert_sim/models/aws_robomaker_hospital_elevator_01_car/meshes\n'}
[5.234342] (bobert_sim) StdoutLine: {'line': b'symbolically linking /home/chino/uvix_ws/build/bobert_sim/models/aws_robomaker_hospital_elevator_01_car/meshes/aws_robomaker_hospital_elevator_01_visual.png -> /home/chino/uvix_ws/install/bobert_sim/share/bobert_sim/models/aws_robomaker_hospital_elevator_01_car/meshes\n'}
[5.235675] (bobert_sim) StdoutLine: {'line': b'symbolically linking /home/chino/uvix_ws/build/bobert_sim/models/aws_robomaker_hospital_elevator_01_car/meshes/aws_robomaker_hospital_elevator_01_car_collision.dae -> /home/chino/uvix_ws/install/bobert_sim/share/bobert_sim/models/aws_robomaker_hospital_elevator_01_car/meshes\n'}
[5.235994] (-) TimerEvent: {}
[5.237188] (bobert_sim) StdoutLine: {'line': b'symbolically linking /home/chino/uvix_ws/build/bobert_sim/models/aws_robomaker_hospital_elevator_01_car/meshes/aws_robomaker_hospital_elevator_01_low_normal.png -> /home/chino/uvix_ws/install/bobert_sim/share/bobert_sim/models/aws_robomaker_hospital_elevator_01_car/meshes\n'}
[5.238594] (bobert_sim) StdoutLine: {'line': b'symbolically linking /home/chino/uvix_ws/build/bobert_sim/models/aws_robomaker_hospital_elevator_01_car/meshes/aws_robomaker_hospital_elevator_01_visual_normal.png -> /home/chino/uvix_ws/install/bobert_sim/share/bobert_sim/models/aws_robomaker_hospital_elevator_01_car/meshes\n'}
[5.239935] (bobert_sim) StdoutLine: {'line': b'symbolically linking /home/chino/uvix_ws/build/bobert_sim/models/aws_robomaker_hospital_elevator_01_car/meshes/aws_robomaker_hospital_elevator_01_car_visual.dae -> /home/chino/uvix_ws/install/bobert_sim/share/bobert_sim/models/aws_robomaker_hospital_elevator_01_car/meshes\n'}
[5.241323] (bobert_sim) StdoutLine: {'line': b'creating /home/chino/uvix_ws/install/bobert_sim/share/bobert_sim/models/aws_robomaker_residential_PortraitB_03\n'}
[5.242578] (bobert_sim) StdoutLine: {'line': b'symbolically linking /home/chino/uvix_ws/build/bobert_sim/models/aws_robomaker_residential_PortraitB_03/model.config -> /home/chino/uvix_ws/install/bobert_sim/share/bobert_sim/models/aws_robomaker_residential_PortraitB_03\n'}
[5.243975] (bobert_sim) StdoutLine: {'line': b'symbolically linking /home/chino/uvix_ws/build/bobert_sim/models/aws_robomaker_residential_PortraitB_03/model.sdf -> /home/chino/uvix_ws/install/bobert_sim/share/bobert_sim/models/aws_robomaker_residential_PortraitB_03\n'}
[5.245381] (bobert_sim) StdoutLine: {'line': b'creating /home/chino/uvix_ws/install/bobert_sim/share/bobert_sim/models/aws_robomaker_residential_PortraitB_03/meshes\n'}
[5.246718] (bobert_sim) StdoutLine: {'line': b'symbolically linking /home/chino/uvix_ws/build/bobert_sim/models/aws_robomaker_residential_PortraitB_03/meshes/aws_PortraitB_01_visual.DAE -> /home/chino/uvix_ws/install/bobert_sim/share/bobert_sim/models/aws_robomaker_residential_PortraitB_03/meshes\n'}
[5.248173] (bobert_sim) StdoutLine: {'line': b'symbolically linking /home/chino/uvix_ws/build/bobert_sim/models/aws_robomaker_residential_PortraitB_03/meshes/aws_PortraitB_01_collision.DAE -> /home/chino/uvix_ws/install/bobert_sim/share/bobert_sim/models/aws_robomaker_residential_PortraitB_03/meshes\n'}
[5.249785] (bobert_sim) StdoutLine: {'line': b'creating /home/chino/uvix_ws/install/bobert_sim/share/bobert_sim/models/aws_robomaker_residential_PortraitB_03/materials\n'}
[5.250793] (bobert_sim) StdoutLine: {'line': b'creating /home/chino/uvix_ws/install/bobert_sim/share/bobert_sim/models/aws_robomaker_residential_PortraitB_03/materials/textures\n'}
[5.251835] (bobert_sim) StdoutLine: {'line': b'symbolically linking /home/chino/uvix_ws/build/bobert_sim/models/aws_robomaker_residential_PortraitB_03/materials/textures/aws_PortraitB_02.png -> /home/chino/uvix_ws/install/bobert_sim/share/bobert_sim/models/aws_robomaker_residential_PortraitB_03/materials/textures\n'}
[5.253028] (bobert_sim) StdoutLine: {'line': b'symbolically linking /home/chino/uvix_ws/build/bobert_sim/models/aws_robomaker_residential_PortraitB_03/materials/textures/aws_PortraitB_01.png -> /home/chino/uvix_ws/install/bobert_sim/share/bobert_sim/models/aws_robomaker_residential_PortraitB_03/materials/textures\n'}
[5.254234] (bobert_sim) StdoutLine: {'line': b'creating /home/chino/uvix_ws/install/bobert_sim/share/bobert_sim/models/aws_robomaker_hospital_curtain_closed_01\n'}
[5.255531] (bobert_sim) StdoutLine: {'line': b'symbolically linking /home/chino/uvix_ws/build/bobert_sim/models/aws_robomaker_hospital_curtain_closed_01/model.config -> /home/chino/uvix_ws/install/bobert_sim/share/bobert_sim/models/aws_robomaker_hospital_curtain_closed_01\n'}
[5.256833] (bobert_sim) StdoutLine: {'line': b'symbolically linking /home/chino/uvix_ws/build/bobert_sim/models/aws_robomaker_hospital_curtain_closed_01/model.sdf -> /home/chino/uvix_ws/install/bobert_sim/share/bobert_sim/models/aws_robomaker_hospital_curtain_closed_01\n'}
[5.258025] (bobert_sim) StdoutLine: {'line': b'creating /home/chino/uvix_ws/install/bobert_sim/share/bobert_sim/models/aws_robomaker_hospital_curtain_closed_01/meshes\n'}
[5.259234] (bobert_sim) StdoutLine: {'line': b'symbolically linking /home/chino/uvix_ws/build/bobert_sim/models/aws_robomaker_hospital_curtain_closed_01/meshes/aws_robomaker_hospital_curtain_closed_01_visual.png -> /home/chino/uvix_ws/install/bobert_sim/share/bobert_sim/models/aws_robomaker_hospital_curtain_closed_01/meshes\n'}
[5.260452] (bobert_sim) StdoutLine: {'line': b'symbolically linking /home/chino/uvix_ws/build/bobert_sim/models/aws_robomaker_hospital_curtain_closed_01/meshes/aws_robomaker_hospital_curtainrail_01_low_normal.png -> /home/chino/uvix_ws/install/bobert_sim/share/bobert_sim/models/aws_robomaker_hospital_curtain_closed_01/meshes\n'}
[5.261767] (bobert_sim) StdoutLine: {'line': b'symbolically linking /home/chino/uvix_ws/build/bobert_sim/models/aws_robomaker_hospital_curtain_closed_01/meshes/aws_robomaker_hospital_curtain_closed_01_low.png -> /home/chino/uvix_ws/install/bobert_sim/share/bobert_sim/models/aws_robomaker_hospital_curtain_closed_01/meshes\n'}
[5.263062] (bobert_sim) StdoutLine: {'line': b'symbolically linking /home/chino/uvix_ws/build/bobert_sim/models/aws_robomaker_hospital_curtain_closed_01/meshes/aws_robomaker_hospital_curtain_closed_01_low_normal.png -> /home/chino/uvix_ws/install/bobert_sim/share/bobert_sim/models/aws_robomaker_hospital_curtain_closed_01/meshes\n'}
[5.264205] (bobert_sim) StdoutLine: {'line': b'symbolically linking /home/chino/uvix_ws/build/bobert_sim/models/aws_robomaker_hospital_curtain_closed_01/meshes/aws_robomaker_hospital_curtain_closed_01_visual_normal.png -> /home/chino/uvix_ws/install/bobert_sim/share/bobert_sim/models/aws_robomaker_hospital_curtain_closed_01/meshes\n'}
[5.265486] (bobert_sim) StdoutLine: {'line': b'symbolically linking /home/chino/uvix_ws/build/bobert_sim/models/aws_robomaker_hospital_curtain_closed_01/meshes/aws_robomaker_hospital_curtain_closed_01_collision.dae -> /home/chino/uvix_ws/install/bobert_sim/share/bobert_sim/models/aws_robomaker_hospital_curtain_closed_01/meshes\n'}
[5.266582] (bobert_sim) StdoutLine: {'line': b'symbolically linking /home/chino/uvix_ws/build/bobert_sim/models/aws_robomaker_hospital_curtain_closed_01/meshes/aws_robomaker_hospital_curtainrail_01_low.png -> /home/chino/uvix_ws/install/bobert_sim/share/bobert_sim/models/aws_robomaker_hospital_curtain_closed_01/meshes\n'}
[5.267688] (bobert_sim) StdoutLine: {'line': b'symbolically linking /home/chino/uvix_ws/build/bobert_sim/models/aws_robomaker_hospital_curtain_closed_01/meshes/aws_robomaker_hospital_curtainrail_01_visual.png -> /home/chino/uvix_ws/install/bobert_sim/share/bobert_sim/models/aws_robomaker_hospital_curtain_closed_01/meshes\n'}
[5.268886] (bobert_sim) StdoutLine: {'line': b'symbolically linking /home/chino/uvix_ws/build/bobert_sim/models/aws_robomaker_hospital_curtain_closed_01/meshes/aws_robomaker_hospital_curtain_closed_01_visual.dae -> /home/chino/uvix_ws/install/bobert_sim/share/bobert_sim/models/aws_robomaker_hospital_curtain_closed_01/meshes\n'}
[5.270132] (bobert_sim) StdoutLine: {'line': b'symbolically linking /home/chino/uvix_ws/build/bobert_sim/models/aws_robomaker_hospital_curtain_closed_01/meshes/aws_robomaker_hospital_curtainrail_01_visual_normal.png -> /home/chino/uvix_ws/install/bobert_sim/share/bobert_sim/models/aws_robomaker_hospital_curtain_closed_01/meshes\n'}
[5.271589] (bobert_sim) StdoutLine: {'line': b'creating /home/chino/uvix_ws/install/bobert_sim/share/bobert_sim/models/aws_robomaker_residential_PortraitD_02\n'}
[5.272841] (bobert_sim) StdoutLine: {'line': b'symbolically linking /home/chino/uvix_ws/build/bobert_sim/models/aws_robomaker_residential_PortraitD_02/model.config -> /home/chino/uvix_ws/install/bobert_sim/share/bobert_sim/models/aws_robomaker_residential_PortraitD_02\n'}
[5.273970] (bobert_sim) StdoutLine: {'line': b'symbolically linking /home/chino/uvix_ws/build/bobert_sim/models/aws_robomaker_residential_PortraitD_02/model.sdf -> /home/chino/uvix_ws/install/bobert_sim/share/bobert_sim/models/aws_robomaker_residential_PortraitD_02\n'}
[5.275127] (bobert_sim) StdoutLine: {'line': b'creating /home/chino/uvix_ws/install/bobert_sim/share/bobert_sim/models/aws_robomaker_residential_PortraitD_02/meshes\n'}
[5.276576] (bobert_sim) StdoutLine: {'line': b'symbolically linking /home/chino/uvix_ws/build/bobert_sim/models/aws_robomaker_residential_PortraitD_02/meshes/aws_PortraitD_01_visual.DAE -> /home/chino/uvix_ws/install/bobert_sim/share/bobert_sim/models/aws_robomaker_residential_PortraitD_02/meshes\n'}
[5.278131] (bobert_sim) StdoutLine: {'line': b'symbolically linking /home/chino/uvix_ws/build/bobert_sim/models/aws_robomaker_residential_PortraitD_02/meshes/aws_PortraitD_01_collision.DAE -> /home/chino/uvix_ws/install/bobert_sim/share/bobert_sim/models/aws_robomaker_residential_PortraitD_02/meshes\n'}
[5.279584] (bobert_sim) StdoutLine: {'line': b'creating /home/chino/uvix_ws/install/bobert_sim/share/bobert_sim/models/aws_robomaker_residential_PortraitD_02/materials\n'}
[5.281000] (bobert_sim) StdoutLine: {'line': b'creating /home/chino/uvix_ws/install/bobert_sim/share/bobert_sim/models/aws_robomaker_residential_PortraitD_02/materials/textures\n'}
[5.282502] (bobert_sim) StdoutLine: {'line': b'symbolically linking /home/chino/uvix_ws/build/bobert_sim/models/aws_robomaker_residential_PortraitD_02/materials/textures/aws_PortraitD_02.png -> /home/chino/uvix_ws/install/bobert_sim/share/bobert_sim/models/aws_robomaker_residential_PortraitD_02/materials/textures\n'}
[5.283844] (bobert_sim) StdoutLine: {'line': b'symbolically linking /home/chino/uvix_ws/build/bobert_sim/models/aws_robomaker_residential_PortraitD_02/materials/textures/aws_PortraitD_01.png -> /home/chino/uvix_ws/install/bobert_sim/share/bobert_sim/models/aws_robomaker_residential_PortraitD_02/materials/textures\n'}
[5.285205] (bobert_sim) StdoutLine: {'line': b'creating /home/chino/uvix_ws/install/bobert_sim/share/bobert_sim/models/aws_robomaker_residential_Carpet_01\n'}
[5.286525] (bobert_sim) StdoutLine: {'line': b'symbolically linking /home/chino/uvix_ws/build/bobert_sim/models/aws_robomaker_residential_Carpet_01/model.config -> /home/chino/uvix_ws/install/bobert_sim/share/bobert_sim/models/aws_robomaker_residential_Carpet_01\n'}
[5.287850] (bobert_sim) StdoutLine: {'line': b'symbolically linking /home/chino/uvix_ws/build/bobert_sim/models/aws_robomaker_residential_Carpet_01/model.sdf -> /home/chino/uvix_ws/install/bobert_sim/share/bobert_sim/models/aws_robomaker_residential_Carpet_01\n'}
[5.289316] (bobert_sim) StdoutLine: {'line': b'creating /home/chino/uvix_ws/install/bobert_sim/share/bobert_sim/models/aws_robomaker_residential_Carpet_01/meshes\n'}
[5.290669] (bobert_sim) StdoutLine: {'line': b'symbolically linking /home/chino/uvix_ws/build/bobert_sim/models/aws_robomaker_residential_Carpet_01/meshes/aws_Carpet_01_collision.DAE -> /home/chino/uvix_ws/install/bobert_sim/share/bobert_sim/models/aws_robomaker_residential_Carpet_01/meshes\n'}
[5.291718] (bobert_sim) StdoutLine: {'line': b'symbolically linking /home/chino/uvix_ws/build/bobert_sim/models/aws_robomaker_residential_Carpet_01/meshes/aws_Carpet_01_visual.DAE -> /home/chino/uvix_ws/install/bobert_sim/share/bobert_sim/models/aws_robomaker_residential_Carpet_01/meshes\n'}
[5.292870] (bobert_sim) StdoutLine: {'line': b'creating /home/chino/uvix_ws/install/bobert_sim/share/bobert_sim/models/aws_robomaker_residential_Carpet_01/materials\n'}
[5.294020] (bobert_sim) StdoutLine: {'line': b'creating /home/chino/uvix_ws/install/bobert_sim/share/bobert_sim/models/aws_robomaker_residential_Carpet_01/materials/textures\n'}
[5.295080] (bobert_sim) StdoutLine: {'line': b'symbolically linking /home/chino/uvix_ws/build/bobert_sim/models/aws_robomaker_residential_Carpet_01/materials/textures/aws_Carpet_01.png -> /home/chino/uvix_ws/install/bobert_sim/share/bobert_sim/models/aws_robomaker_residential_Carpet_01/materials/textures\n'}
[5.296180] (bobert_sim) StdoutLine: {'line': b'creating /home/chino/uvix_ws/install/bobert_sim/share/bobert_sim/models/aws_robomaker_residential_PortraitD_01\n'}
[5.297606] (bobert_sim) StdoutLine: {'line': b'symbolically linking /home/chino/uvix_ws/build/bobert_sim/models/aws_robomaker_residential_PortraitD_01/model.config -> /home/chino/uvix_ws/install/bobert_sim/share/bobert_sim/models/aws_robomaker_residential_PortraitD_01\n'}
[5.299219] (bobert_sim) StdoutLine: {'line': b'symbolically linking /home/chino/uvix_ws/build/bobert_sim/models/aws_robomaker_residential_PortraitD_01/model.sdf -> /home/chino/uvix_ws/install/bobert_sim/share/bobert_sim/models/aws_robomaker_residential_PortraitD_01\n'}
[5.300762] (bobert_sim) StdoutLine: {'line': b'creating /home/chino/uvix_ws/install/bobert_sim/share/bobert_sim/models/aws_robomaker_residential_PortraitD_01/meshes\n'}
[5.302299] (bobert_sim) StdoutLine: {'line': b'symbolically linking /home/chino/uvix_ws/build/bobert_sim/models/aws_robomaker_residential_PortraitD_01/meshes/aws_PortraitD_01_visual.DAE -> /home/chino/uvix_ws/install/bobert_sim/share/bobert_sim/models/aws_robomaker_residential_PortraitD_01/meshes\n'}
[5.304200] (bobert_sim) StdoutLine: {'line': b'symbolically linking /home/chino/uvix_ws/build/bobert_sim/models/aws_robomaker_residential_PortraitD_01/meshes/aws_PortraitD_01_collision.DAE -> /home/chino/uvix_ws/install/bobert_sim/share/bobert_sim/models/aws_robomaker_residential_PortraitD_01/meshes\n'}
[5.305735] (bobert_sim) StdoutLine: {'line': b'creating /home/chino/uvix_ws/install/bobert_sim/share/bobert_sim/models/aws_robomaker_residential_PortraitD_01/materials\n'}
[5.307338] (bobert_sim) StdoutLine: {'line': b'creating /home/chino/uvix_ws/install/bobert_sim/share/bobert_sim/models/aws_robomaker_residential_PortraitD_01/materials/textures\n'}
[5.309231] (bobert_sim) StdoutLine: {'line': b'symbolically linking /home/chino/uvix_ws/build/bobert_sim/models/aws_robomaker_residential_PortraitD_01/materials/textures/aws_PortraitD_02.png -> /home/chino/uvix_ws/install/bobert_sim/share/bobert_sim/models/aws_robomaker_residential_PortraitD_01/materials/textures\n'}
[5.310921] (bobert_sim) StdoutLine: {'line': b'symbolically linking /home/chino/uvix_ws/build/bobert_sim/models/aws_robomaker_residential_PortraitD_01/materials/textures/aws_PortraitD_01.png -> /home/chino/uvix_ws/install/bobert_sim/share/bobert_sim/models/aws_robomaker_residential_PortraitD_01/materials/textures\n'}
[5.311988] (bobert_sim) StdoutLine: {'line': b'creating /home/chino/uvix_ws/install/bobert_sim/share/bobert_sim/models/aws_robomaker_residential_Trash_01\n'}
[5.313138] (bobert_sim) StdoutLine: {'line': b'symbolically linking /home/chino/uvix_ws/build/bobert_sim/models/aws_robomaker_residential_Trash_01/model.config -> /home/chino/uvix_ws/install/bobert_sim/share/bobert_sim/models/aws_robomaker_residential_Trash_01\n'}
[5.315543] (bobert_sim) StdoutLine: {'line': b'symbolically linking /home/chino/uvix_ws/build/bobert_sim/models/aws_robomaker_residential_Trash_01/model.sdf -> /home/chino/uvix_ws/install/bobert_sim/share/bobert_sim/models/aws_robomaker_residential_Trash_01\n'}
[5.317072] (bobert_sim) StdoutLine: {'line': b'creating /home/chino/uvix_ws/install/bobert_sim/share/bobert_sim/models/aws_robomaker_residential_Trash_01/meshes\n'}
[5.318744] (bobert_sim) StdoutLine: {'line': b'symbolically linking /home/chino/uvix_ws/build/bobert_sim/models/aws_robomaker_residential_Trash_01/meshes/aws_Trash_01_collision.DAE -> /home/chino/uvix_ws/install/bobert_sim/share/bobert_sim/models/aws_robomaker_residential_Trash_01/meshes\n'}
[5.319931] (bobert_sim) StdoutLine: {'line': b'symbolically linking /home/chino/uvix_ws/build/bobert_sim/models/aws_robomaker_residential_Trash_01/meshes/aws_Trash_01_visual.DAE -> /home/chino/uvix_ws/install/bobert_sim/share/bobert_sim/models/aws_robomaker_residential_Trash_01/meshes\n'}
[5.320941] (bobert_sim) StdoutLine: {'line': b'creating /home/chino/uvix_ws/install/bobert_sim/share/bobert_sim/models/aws_robomaker_residential_Trash_01/materials\n'}
[5.322270] (bobert_sim) StdoutLine: {'line': b'creating /home/chino/uvix_ws/install/bobert_sim/share/bobert_sim/models/aws_robomaker_residential_Trash_01/materials/textures\n'}
[5.324363] (bobert_sim) StdoutLine: {'line': b'symbolically linking /home/chino/uvix_ws/build/bobert_sim/models/aws_robomaker_residential_Trash_01/materials/textures/aws_Trash_01.png -> /home/chino/uvix_ws/install/bobert_sim/share/bobert_sim/models/aws_robomaker_residential_Trash_01/materials/textures\n'}
[5.325925] (bobert_sim) StdoutLine: {'line': b'creating /home/chino/uvix_ws/install/bobert_sim/share/bobert_sim/models/aws_robomaker_residential_PortraitA_01\n'}
[5.327376] (bobert_sim) StdoutLine: {'line': b'symbolically linking /home/chino/uvix_ws/build/bobert_sim/models/aws_robomaker_residential_PortraitA_01/model.config -> /home/chino/uvix_ws/install/bobert_sim/share/bobert_sim/models/aws_robomaker_residential_PortraitA_01\n'}
[5.328868] (bobert_sim) StdoutLine: {'line': b'symbolically linking /home/chino/uvix_ws/build/bobert_sim/models/aws_robomaker_residential_PortraitA_01/model.sdf -> /home/chino/uvix_ws/install/bobert_sim/share/bobert_sim/models/aws_robomaker_residential_PortraitA_01\n'}
[5.329943] (bobert_sim) StdoutLine: {'line': b'creating /home/chino/uvix_ws/install/bobert_sim/share/bobert_sim/models/aws_robomaker_residential_PortraitA_01/meshes\n'}
[5.331643] (bobert_sim) StdoutLine: {'line': b'symbolically linking /home/chino/uvix_ws/build/bobert_sim/models/aws_robomaker_residential_PortraitA_01/meshes/aws_PortraitA_01_collision.DAE -> /home/chino/uvix_ws/install/bobert_sim/share/bobert_sim/models/aws_robomaker_residential_PortraitA_01/meshes\n'}
[5.334229] (bobert_sim) StdoutLine: {'line': b'symbolically linking /home/chino/uvix_ws/build/bobert_sim/models/aws_robomaker_residential_PortraitA_01/meshes/aws_PortraitA_01_visual.DAE -> /home/chino/uvix_ws/install/bobert_sim/share/bobert_sim/models/aws_robomaker_residential_PortraitA_01/meshes\n'}
[5.335940] (bobert_sim) StdoutLine: {'line': b'creating /home/chino/uvix_ws/install/bobert_sim/share/bobert_sim/models/aws_robomaker_residential_PortraitA_01/materials\n'}
[5.336237] (-) TimerEvent: {}
[5.337404] (bobert_sim) StdoutLine: {'line': b'creating /home/chino/uvix_ws/install/bobert_sim/share/bobert_sim/models/aws_robomaker_residential_PortraitA_01/materials/textures\n'}
[5.339065] (bobert_sim) StdoutLine: {'line': b'symbolically linking /home/chino/uvix_ws/build/bobert_sim/models/aws_robomaker_residential_PortraitA_01/materials/textures/aws_PortraitA_02.png -> /home/chino/uvix_ws/install/bobert_sim/share/bobert_sim/models/aws_robomaker_residential_PortraitA_01/materials/textures\n'}
[5.341258] (bobert_sim) StdoutLine: {'line': b'symbolically linking /home/chino/uvix_ws/build/bobert_sim/models/aws_robomaker_residential_PortraitA_01/materials/textures/aws_PortraitA_01.png -> /home/chino/uvix_ws/install/bobert_sim/share/bobert_sim/models/aws_robomaker_residential_PortraitA_01/materials/textures\n'}
[5.342891] (bobert_sim) StdoutLine: {'line': b'creating /home/chino/uvix_ws/install/bobert_sim/share/bobert_sim/models/aws_robomaker_hospital_floor_01_ceiling\n'}
[5.344367] (bobert_sim) StdoutLine: {'line': b'symbolically linking /home/chino/uvix_ws/build/bobert_sim/models/aws_robomaker_hospital_floor_01_ceiling/model.config -> /home/chino/uvix_ws/install/bobert_sim/share/bobert_sim/models/aws_robomaker_hospital_floor_01_ceiling\n'}
[5.345878] (bobert_sim) StdoutLine: {'line': b'symbolically linking /home/chino/uvix_ws/build/bobert_sim/models/aws_robomaker_hospital_floor_01_ceiling/model.sdf -> /home/chino/uvix_ws/install/bobert_sim/share/bobert_sim/models/aws_robomaker_hospital_floor_01_ceiling\n'}
[5.347283] (bobert_sim) StdoutLine: {'line': b'creating /home/chino/uvix_ws/install/bobert_sim/share/bobert_sim/models/aws_robomaker_hospital_floor_01_ceiling/meshes\n'}
[5.348967] (bobert_sim) StdoutLine: {'line': b'symbolically linking /home/chino/uvix_ws/build/bobert_sim/models/aws_robomaker_hospital_floor_01_ceiling/meshes/aws_robomaker_hospital_floor_01_ceiling.png -> /home/chino/uvix_ws/install/bobert_sim/share/bobert_sim/models/aws_robomaker_hospital_floor_01_ceiling/meshes\n'}
[5.350699] (bobert_sim) StdoutLine: {'line': b'symbolically linking /home/chino/uvix_ws/build/bobert_sim/models/aws_robomaker_hospital_floor_01_ceiling/meshes/aws_robomaker_hospital_floor_01_ceiling_normal.png -> /home/chino/uvix_ws/install/bobert_sim/share/bobert_sim/models/aws_robomaker_hospital_floor_01_ceiling/meshes\n'}
[5.351994] (bobert_sim) StdoutLine: {'line': b'symbolically linking /home/chino/uvix_ws/build/bobert_sim/models/aws_robomaker_hospital_floor_01_ceiling/meshes/aws_robomaker_hospital_floor_01_ceiling_collision.dae -> /home/chino/uvix_ws/install/bobert_sim/share/bobert_sim/models/aws_robomaker_hospital_floor_01_ceiling/meshes\n'}
[5.353289] (bobert_sim) StdoutLine: {'line': b'symbolically linking /home/chino/uvix_ws/build/bobert_sim/models/aws_robomaker_hospital_floor_01_ceiling/meshes/aws_robomaker_hospital_floor_01_ceiling_visual.dae -> /home/chino/uvix_ws/install/bobert_sim/share/bobert_sim/models/aws_robomaker_hospital_floor_01_ceiling/meshes\n'}
[5.354589] (bobert_sim) StdoutLine: {'line': b'creating /home/chino/uvix_ws/install/bobert_sim/share/bobert_sim/models/aws_robomaker_residential_PortraitE_01\n'}
[5.355906] (bobert_sim) StdoutLine: {'line': b'symbolically linking /home/chino/uvix_ws/build/bobert_sim/models/aws_robomaker_residential_PortraitE_01/model.config -> /home/chino/uvix_ws/install/bobert_sim/share/bobert_sim/models/aws_robomaker_residential_PortraitE_01\n'}
[5.357600] (bobert_sim) StdoutLine: {'line': b'symbolically linking /home/chino/uvix_ws/build/bobert_sim/models/aws_robomaker_residential_PortraitE_01/model.sdf -> /home/chino/uvix_ws/install/bobert_sim/share/bobert_sim/models/aws_robomaker_residential_PortraitE_01\n'}
[5.359458] (bobert_sim) StdoutLine: {'line': b'creating /home/chino/uvix_ws/install/bobert_sim/share/bobert_sim/models/aws_robomaker_residential_PortraitE_01/meshes\n'}
[5.360751] (bobert_sim) StdoutLine: {'line': b'symbolically linking /home/chino/uvix_ws/build/bobert_sim/models/aws_robomaker_residential_PortraitE_01/meshes/aws_PortraitE_01_collision.DAE -> /home/chino/uvix_ws/install/bobert_sim/share/bobert_sim/models/aws_robomaker_residential_PortraitE_01/meshes\n'}
[5.362233] (bobert_sim) StdoutLine: {'line': b'symbolically linking /home/chino/uvix_ws/build/bobert_sim/models/aws_robomaker_residential_PortraitE_01/meshes/aws_PortraitE_01_visual.DAE -> /home/chino/uvix_ws/install/bobert_sim/share/bobert_sim/models/aws_robomaker_residential_PortraitE_01/meshes\n'}
[5.363219] (bobert_sim) StdoutLine: {'line': b'creating /home/chino/uvix_ws/install/bobert_sim/share/bobert_sim/models/aws_robomaker_residential_PortraitE_01/materials\n'}
[5.364245] (bobert_sim) StdoutLine: {'line': b'creating /home/chino/uvix_ws/install/bobert_sim/share/bobert_sim/models/aws_robomaker_residential_PortraitE_01/materials/textures\n'}
[5.365984] (bobert_sim) StdoutLine: {'line': b'symbolically linking /home/chino/uvix_ws/build/bobert_sim/models/aws_robomaker_residential_PortraitE_01/materials/textures/aws_PortraitE_01.png -> /home/chino/uvix_ws/install/bobert_sim/share/bobert_sim/models/aws_robomaker_residential_PortraitE_01/materials/textures\n'}
[5.367161] (bobert_sim) StdoutLine: {'line': b'symbolically linking /home/chino/uvix_ws/build/bobert_sim/models/aws_robomaker_residential_PortraitE_01/materials/textures/aws_PortraitE_02.png -> /home/chino/uvix_ws/install/bobert_sim/share/bobert_sim/models/aws_robomaker_residential_PortraitE_01/materials/textures\n'}
[5.368125] (bobert_sim) StdoutLine: {'line': b'creating /home/chino/uvix_ws/install/bobert_sim/share/bobert_sim/models/aws_robomaker_residential_PortraitA_02\n'}
[5.369275] (bobert_sim) StdoutLine: {'line': b'symbolically linking /home/chino/uvix_ws/build/bobert_sim/models/aws_robomaker_residential_PortraitA_02/model.config -> /home/chino/uvix_ws/install/bobert_sim/share/bobert_sim/models/aws_robomaker_residential_PortraitA_02\n'}
[5.370517] (bobert_sim) StdoutLine: {'line': b'symbolically linking /home/chino/uvix_ws/build/bobert_sim/models/aws_robomaker_residential_PortraitA_02/model.sdf -> /home/chino/uvix_ws/install/bobert_sim/share/bobert_sim/models/aws_robomaker_residential_PortraitA_02\n'}
[5.371946] (bobert_sim) StdoutLine: {'line': b'creating /home/chino/uvix_ws/install/bobert_sim/share/bobert_sim/models/aws_robomaker_residential_PortraitA_02/meshes\n'}
[5.373064] (bobert_sim) StdoutLine: {'line': b'symbolically linking /home/chino/uvix_ws/build/bobert_sim/models/aws_robomaker_residential_PortraitA_02/meshes/aws_PortraitA_01_collision.DAE -> /home/chino/uvix_ws/install/bobert_sim/share/bobert_sim/models/aws_robomaker_residential_PortraitA_02/meshes\n'}
[5.374749] (bobert_sim) StdoutLine: {'line': b'symbolically linking /home/chino/uvix_ws/build/bobert_sim/models/aws_robomaker_residential_PortraitA_02/meshes/aws_PortraitA_01_visual.DAE -> /home/chino/uvix_ws/install/bobert_sim/share/bobert_sim/models/aws_robomaker_residential_PortraitA_02/meshes\n'}
[5.376559] (bobert_sim) StdoutLine: {'line': b'creating /home/chino/uvix_ws/install/bobert_sim/share/bobert_sim/models/aws_robomaker_residential_PortraitA_02/materials\n'}
[5.377740] (bobert_sim) StdoutLine: {'line': b'creating /home/chino/uvix_ws/install/bobert_sim/share/bobert_sim/models/aws_robomaker_residential_PortraitA_02/materials/textures\n'}
[5.379205] (bobert_sim) StdoutLine: {'line': b'symbolically linking /home/chino/uvix_ws/build/bobert_sim/models/aws_robomaker_residential_PortraitA_02/materials/textures/aws_PortraitA_02.png -> /home/chino/uvix_ws/install/bobert_sim/share/bobert_sim/models/aws_robomaker_residential_PortraitA_02/materials/textures\n'}
[5.380510] (bobert_sim) StdoutLine: {'line': b'symbolically linking /home/chino/uvix_ws/build/bobert_sim/models/aws_robomaker_residential_PortraitA_02/materials/textures/aws_PortraitA_01.png -> /home/chino/uvix_ws/install/bobert_sim/share/bobert_sim/models/aws_robomaker_residential_PortraitA_02/materials/textures\n'}
[5.381636] (bobert_sim) StdoutLine: {'line': b'creating /home/chino/uvix_ws/install/bobert_sim/share/bobert_sim/models/aws_robomaker_residential_PortraitE_02\n'}
[5.384511] (bobert_sim) StdoutLine: {'line': b'symbolically linking /home/chino/uvix_ws/build/bobert_sim/models/aws_robomaker_residential_PortraitE_02/model.config -> /home/chino/uvix_ws/install/bobert_sim/share/bobert_sim/models/aws_robomaker_residential_PortraitE_02\n'}
[5.386637] (bobert_sim) StdoutLine: {'line': b'symbolically linking /home/chino/uvix_ws/build/bobert_sim/models/aws_robomaker_residential_PortraitE_02/model.sdf -> /home/chino/uvix_ws/install/bobert_sim/share/bobert_sim/models/aws_robomaker_residential_PortraitE_02\n'}
[5.388508] (bobert_sim) StdoutLine: {'line': b'creating /home/chino/uvix_ws/install/bobert_sim/share/bobert_sim/models/aws_robomaker_residential_PortraitE_02/meshes\n'}
[5.390495] (bobert_sim) StdoutLine: {'line': b'symbolically linking /home/chino/uvix_ws/build/bobert_sim/models/aws_robomaker_residential_PortraitE_02/meshes/aws_PortraitE_01_collision.DAE -> /home/chino/uvix_ws/install/bobert_sim/share/bobert_sim/models/aws_robomaker_residential_PortraitE_02/meshes\n'}
[5.392659] (bobert_sim) StdoutLine: {'line': b'symbolically linking /home/chino/uvix_ws/build/bobert_sim/models/aws_robomaker_residential_PortraitE_02/meshes/aws_PortraitE_01_visual.DAE -> /home/chino/uvix_ws/install/bobert_sim/share/bobert_sim/models/aws_robomaker_residential_PortraitE_02/meshes\n'}
[5.394217] (bobert_sim) StdoutLine: {'line': b'creating /home/chino/uvix_ws/install/bobert_sim/share/bobert_sim/models/aws_robomaker_residential_PortraitE_02/materials\n'}
[5.395945] (bobert_sim) StdoutLine: {'line': b'creating /home/chino/uvix_ws/install/bobert_sim/share/bobert_sim/models/aws_robomaker_residential_PortraitE_02/materials/textures\n'}
[5.397430] (bobert_sim) StdoutLine: {'line': b'symbolically linking /home/chino/uvix_ws/build/bobert_sim/models/aws_robomaker_residential_PortraitE_02/materials/textures/aws_PortraitE_01.png -> /home/chino/uvix_ws/install/bobert_sim/share/bobert_sim/models/aws_robomaker_residential_PortraitE_02/materials/textures\n'}
[5.398847] (bobert_sim) StdoutLine: {'line': b'symbolically linking /home/chino/uvix_ws/build/bobert_sim/models/aws_robomaker_residential_PortraitE_02/materials/textures/aws_PortraitE_02.png -> /home/chino/uvix_ws/install/bobert_sim/share/bobert_sim/models/aws_robomaker_residential_PortraitE_02/materials/textures\n'}
[5.400481] (bobert_sim) StdoutLine: {'line': b'creating /home/chino/uvix_ws/install/bobert_sim/share/bobert_sim/models/aws_robomaker_hospital_curtain_open_01\n'}
[5.402084] (bobert_sim) StdoutLine: {'line': b'symbolically linking /home/chino/uvix_ws/build/bobert_sim/models/aws_robomaker_hospital_curtain_open_01/model.config -> /home/chino/uvix_ws/install/bobert_sim/share/bobert_sim/models/aws_robomaker_hospital_curtain_open_01\n'}
[5.403492] (bobert_sim) StdoutLine: {'line': b'symbolically linking /home/chino/uvix_ws/build/bobert_sim/models/aws_robomaker_hospital_curtain_open_01/model.sdf -> /home/chino/uvix_ws/install/bobert_sim/share/bobert_sim/models/aws_robomaker_hospital_curtain_open_01\n'}
[5.404786] (bobert_sim) StdoutLine: {'line': b'creating /home/chino/uvix_ws/install/bobert_sim/share/bobert_sim/models/aws_robomaker_hospital_curtain_open_01/meshes\n'}
[5.406219] (bobert_sim) StdoutLine: {'line': b'symbolically linking /home/chino/uvix_ws/build/bobert_sim/models/aws_robomaker_hospital_curtain_open_01/meshes/aws_robomaker_hospital_curtain_open_01_visual_normal.png -> /home/chino/uvix_ws/install/bobert_sim/share/bobert_sim/models/aws_robomaker_hospital_curtain_open_01/meshes\n'}
[5.407382] (bobert_sim) StdoutLine: {'line': b'symbolically linking /home/chino/uvix_ws/build/bobert_sim/models/aws_robomaker_hospital_curtain_open_01/meshes/aws_robomaker_hospital_curtain_open_01_low_normal.png -> /home/chino/uvix_ws/install/bobert_sim/share/bobert_sim/models/aws_robomaker_hospital_curtain_open_01/meshes\n'}
[5.408611] (bobert_sim) StdoutLine: {'line': b'symbolically linking /home/chino/uvix_ws/build/bobert_sim/models/aws_robomaker_hospital_curtain_open_01/meshes/aws_robomaker_hospital_curtainrail_01_low_normal.png -> /home/chino/uvix_ws/install/bobert_sim/share/bobert_sim/models/aws_robomaker_hospital_curtain_open_01/meshes\n'}
[5.410024] (bobert_sim) StdoutLine: {'line': b'symbolically linking /home/chino/uvix_ws/build/bobert_sim/models/aws_robomaker_hospital_curtain_open_01/meshes/aws_robomaker_hospital_curtain_open_01_collision.dae -> /home/chino/uvix_ws/install/bobert_sim/share/bobert_sim/models/aws_robomaker_hospital_curtain_open_01/meshes\n'}
[5.411732] (bobert_sim) StdoutLine: {'line': b'symbolically linking /home/chino/uvix_ws/build/bobert_sim/models/aws_robomaker_hospital_curtain_open_01/meshes/aws_robomaker_hospital_curtain_open_01_visual.dae -> /home/chino/uvix_ws/install/bobert_sim/share/bobert_sim/models/aws_robomaker_hospital_curtain_open_01/meshes\n'}
[5.413199] (bobert_sim) StdoutLine: {'line': b'symbolically linking /home/chino/uvix_ws/build/bobert_sim/models/aws_robomaker_hospital_curtain_open_01/meshes/aws_robomaker_hospital_curtain_open_01_visual.png -> /home/chino/uvix_ws/install/bobert_sim/share/bobert_sim/models/aws_robomaker_hospital_curtain_open_01/meshes\n'}
[5.414734] (bobert_sim) StdoutLine: {'line': b'symbolically linking /home/chino/uvix_ws/build/bobert_sim/models/aws_robomaker_hospital_curtain_open_01/meshes/aws_robomaker_hospital_curtainrail_01_low.png -> /home/chino/uvix_ws/install/bobert_sim/share/bobert_sim/models/aws_robomaker_hospital_curtain_open_01/meshes\n'}
[5.415868] (bobert_sim) StdoutLine: {'line': b'symbolically linking /home/chino/uvix_ws/build/bobert_sim/models/aws_robomaker_hospital_curtain_open_01/meshes/aws_robomaker_hospital_curtain_open_01_low.png -> /home/chino/uvix_ws/install/bobert_sim/share/bobert_sim/models/aws_robomaker_hospital_curtain_open_01/meshes\n'}
[5.417238] (bobert_sim) StdoutLine: {'line': b'symbolically linking /home/chino/uvix_ws/build/bobert_sim/models/aws_robomaker_hospital_curtain_open_01/meshes/aws_robomaker_hospital_curtainrail_01_visual.png -> /home/chino/uvix_ws/install/bobert_sim/share/bobert_sim/models/aws_robomaker_hospital_curtain_open_01/meshes\n'}
[5.418453] (bobert_sim) StdoutLine: {'line': b'symbolically linking /home/chino/uvix_ws/build/bobert_sim/models/aws_robomaker_hospital_curtain_open_01/meshes/aws_robomaker_hospital_curtainrail_01_visual_normal.png -> /home/chino/uvix_ws/install/bobert_sim/share/bobert_sim/models/aws_robomaker_hospital_curtain_open_01/meshes\n'}
[5.419551] (bobert_sim) StdoutLine: {'line': b'creating /home/chino/uvix_ws/install/bobert_sim/share/bobert_sim/models/aws_robomaker_residential_KitchenCabinet_01\n'}
[5.420824] (bobert_sim) StdoutLine: {'line': b'symbolically linking /home/chino/uvix_ws/build/bobert_sim/models/aws_robomaker_residential_KitchenCabinet_01/model.config -> /home/chino/uvix_ws/install/bobert_sim/share/bobert_sim/models/aws_robomaker_residential_KitchenCabinet_01\n'}
[5.422129] (bobert_sim) StdoutLine: {'line': b'symbolically linking /home/chino/uvix_ws/build/bobert_sim/models/aws_robomaker_residential_KitchenCabinet_01/model.sdf -> /home/chino/uvix_ws/install/bobert_sim/share/bobert_sim/models/aws_robomaker_residential_KitchenCabinet_01\n'}
[5.423244] (bobert_sim) StdoutLine: {'line': b'creating /home/chino/uvix_ws/install/bobert_sim/share/bobert_sim/models/aws_robomaker_residential_KitchenCabinet_01/meshes\n'}
[5.424515] (bobert_sim) StdoutLine: {'line': b'symbolically linking /home/chino/uvix_ws/build/bobert_sim/models/aws_robomaker_residential_KitchenCabinet_01/meshes/aws_KitchenCabinet_01_collision.DAE -> /home/chino/uvix_ws/install/bobert_sim/share/bobert_sim/models/aws_robomaker_residential_KitchenCabinet_01/meshes\n'}
[5.425888] (bobert_sim) StdoutLine: {'line': b'symbolically linking /home/chino/uvix_ws/build/bobert_sim/models/aws_robomaker_residential_KitchenCabinet_01/meshes/aws_KitchenCabinet_01_visual.DAE -> /home/chino/uvix_ws/install/bobert_sim/share/bobert_sim/models/aws_robomaker_residential_KitchenCabinet_01/meshes\n'}
[5.427530] (bobert_sim) StdoutLine: {'line': b'creating /home/chino/uvix_ws/install/bobert_sim/share/bobert_sim/models/aws_robomaker_residential_KitchenCabinet_01/materials\n'}
[5.428986] (bobert_sim) StdoutLine: {'line': b'creating /home/chino/uvix_ws/install/bobert_sim/share/bobert_sim/models/aws_robomaker_residential_KitchenCabinet_01/materials/textures\n'}
[5.430513] (bobert_sim) StdoutLine: {'line': b'symbolically linking /home/chino/uvix_ws/build/bobert_sim/models/aws_robomaker_residential_KitchenCabinet_01/materials/textures/aws_KitchenCabinet_01.png -> /home/chino/uvix_ws/install/bobert_sim/share/bobert_sim/models/aws_robomaker_residential_KitchenCabinet_01/materials/textures\n'}
[5.431774] (bobert_sim) StdoutLine: {'line': b'creating /home/chino/uvix_ws/install/bobert_sim/share/bobert_sim/models/aws_robomaker_hospital_nursesstation_01\n'}
[5.432977] (bobert_sim) StdoutLine: {'line': b'symbolically linking /home/chino/uvix_ws/build/bobert_sim/models/aws_robomaker_hospital_nursesstation_01/model.config -> /home/chino/uvix_ws/install/bobert_sim/share/bobert_sim/models/aws_robomaker_hospital_nursesstation_01\n'}
[5.434383] (bobert_sim) StdoutLine: {'line': b'symbolically linking /home/chino/uvix_ws/build/bobert_sim/models/aws_robomaker_hospital_nursesstation_01/model.sdf -> /home/chino/uvix_ws/install/bobert_sim/share/bobert_sim/models/aws_robomaker_hospital_nursesstation_01\n'}
[5.435760] (bobert_sim) StdoutLine: {'line': b'creating /home/chino/uvix_ws/install/bobert_sim/share/bobert_sim/models/aws_robomaker_hospital_nursesstation_01/meshes\n'}
[5.436421] (-) TimerEvent: {}
[5.437313] (bobert_sim) StdoutLine: {'line': b'symbolically linking /home/chino/uvix_ws/build/bobert_sim/models/aws_robomaker_hospital_nursesstation_01/meshes/aws_robomaker_hospital_nursesstation_01_visual.dae -> /home/chino/uvix_ws/install/bobert_sim/share/bobert_sim/models/aws_robomaker_hospital_nursesstation_01/meshes\n'}
[5.438813] (bobert_sim) StdoutLine: {'line': b'symbolically linking /home/chino/uvix_ws/build/bobert_sim/models/aws_robomaker_hospital_nursesstation_01/meshes/aws_robomaker_hospital_nursesstation_01_low.dae -> /home/chino/uvix_ws/install/bobert_sim/share/bobert_sim/models/aws_robomaker_hospital_nursesstation_01/meshes\n'}
[5.440268] (bobert_sim) StdoutLine: {'line': b'symbolically linking /home/chino/uvix_ws/build/bobert_sim/models/aws_robomaker_hospital_nursesstation_01/meshes/aws_robomaker_hospital_nursesstation_01_visual_normal.png -> /home/chino/uvix_ws/install/bobert_sim/share/bobert_sim/models/aws_robomaker_hospital_nursesstation_01/meshes\n'}
[5.441657] (bobert_sim) StdoutLine: {'line': b'symbolically linking /home/chino/uvix_ws/build/bobert_sim/models/aws_robomaker_hospital_nursesstation_01/meshes/aws_robomaker_hospital_nursesstation_01_low.png -> /home/chino/uvix_ws/install/bobert_sim/share/bobert_sim/models/aws_robomaker_hospital_nursesstation_01/meshes\n'}
[5.442944] (bobert_sim) StdoutLine: {'line': b'symbolically linking /home/chino/uvix_ws/build/bobert_sim/models/aws_robomaker_hospital_nursesstation_01/meshes/aws_robomaker_hospital_nursesstation_01_collision.dae -> /home/chino/uvix_ws/install/bobert_sim/share/bobert_sim/models/aws_robomaker_hospital_nursesstation_01/meshes\n'}
[5.444365] (bobert_sim) StdoutLine: {'line': b'symbolically linking /home/chino/uvix_ws/build/bobert_sim/models/aws_robomaker_hospital_nursesstation_01/meshes/aws_robomaker_hospital_nursesstation_01_visual.png -> /home/chino/uvix_ws/install/bobert_sim/share/bobert_sim/models/aws_robomaker_hospital_nursesstation_01/meshes\n'}
[5.446038] (bobert_sim) StdoutLine: {'line': b'symbolically linking /home/chino/uvix_ws/build/bobert_sim/models/aws_robomaker_hospital_nursesstation_01/meshes/aws_robomaker_hospital_nursesstation_01_low_normal.png -> /home/chino/uvix_ws/install/bobert_sim/share/bobert_sim/models/aws_robomaker_hospital_nursesstation_01/meshes\n'}
[5.447607] (Uvix_sim) StdoutLine: {'line': b'running egg_info\n'}
[5.448185] (Uvix_sim) StdoutLine: {'line': b'creating Uvix_sim.egg-info\n'}
[5.448538] (bobert_sim) StdoutLine: {'line': b'creating /home/chino/uvix_ws/install/bobert_sim/share/bobert_sim/models/aws_robomaker_hospital_floor_02_walls\n'}
[5.449556] (bobert_sim) StdoutLine: {'line': b'symbolically linking /home/chino/uvix_ws/build/bobert_sim/models/aws_robomaker_hospital_floor_02_walls/model.config -> /home/chino/uvix_ws/install/bobert_sim/share/bobert_sim/models/aws_robomaker_hospital_floor_02_walls\n'}
[5.449887] (Uvix_sim) StdoutLine: {'line': b'writing Uvix_sim.egg-info/PKG-INFO\n'}
[5.450337] (Uvix_sim) StdoutLine: {'line': b'writing dependency_links to Uvix_sim.egg-info/dependency_links.txt\n'}
[5.451136] (bobert_sim) StdoutLine: {'line': b'symbolically linking /home/chino/uvix_ws/build/bobert_sim/models/aws_robomaker_hospital_floor_02_walls/model.sdf -> /home/chino/uvix_ws/install/bobert_sim/share/bobert_sim/models/aws_robomaker_hospital_floor_02_walls\n'}
[5.451406] (Uvix_sim) StdoutLine: {'line': b'writing entry points to Uvix_sim.egg-info/entry_points.txt\n'}
[5.451797] (Uvix_sim) StdoutLine: {'line': b'writing requirements to Uvix_sim.egg-info/requires.txt\n'}
[5.452649] (Uvix_sim) StdoutLine: {'line': b'writing top-level names to Uvix_sim.egg-info/top_level.txt\n'}
[5.453268] (bobert_sim) StdoutLine: {'line': b'creating /home/chino/uvix_ws/install/bobert_sim/share/bobert_sim/models/aws_robomaker_hospital_floor_02_walls/meshes\n'}
[5.453713] (Uvix_sim) StdoutLine: {'line': b"writing manifest file 'Uvix_sim.egg-info/SOURCES.txt'\n"}
[5.455060] (bobert_sim) StdoutLine: {'line': b'symbolically linking /home/chino/uvix_ws/build/bobert_sim/models/aws_robomaker_hospital_floor_02_walls/meshes/aws_robomaker_hospital_floor_02_windows.png -> /home/chino/uvix_ws/install/bobert_sim/share/bobert_sim/models/aws_robomaker_hospital_floor_02_walls/meshes\n'}
[5.456915] (bobert_sim) StdoutLine: {'line': b'symbolically linking /home/chino/uvix_ws/build/bobert_sim/models/aws_robomaker_hospital_floor_02_walls/meshes/aws_robomaker_hospital_floor_02_doorframes_small.png -> /home/chino/uvix_ws/install/bobert_sim/share/bobert_sim/models/aws_robomaker_hospital_floor_02_walls/meshes\n'}
[5.458566] (bobert_sim) StdoutLine: {'line': b'symbolically linking /home/chino/uvix_ws/build/bobert_sim/models/aws_robomaker_hospital_floor_02_walls/meshes/aws_robomaker_hospital_floor_02_handrail.png -> /home/chino/uvix_ws/install/bobert_sim/share/bobert_sim/models/aws_robomaker_hospital_floor_02_walls/meshes\n'}
[5.460205] (bobert_sim) StdoutLine: {'line': b'symbolically linking /home/chino/uvix_ws/build/bobert_sim/models/aws_robomaker_hospital_floor_02_walls/meshes/aws_robomaker_hospital_floor_02_doorsign.png -> /home/chino/uvix_ws/install/bobert_sim/share/bobert_sim/models/aws_robomaker_hospital_floor_02_walls/meshes\n'}
[5.461941] (bobert_sim) StdoutLine: {'line': b'symbolically linking /home/chino/uvix_ws/build/bobert_sim/models/aws_robomaker_hospital_floor_02_walls/meshes/aws_robomaker_hospital_floor_02_bumprail.png -> /home/chino/uvix_ws/install/bobert_sim/share/bobert_sim/models/aws_robomaker_hospital_floor_02_walls/meshes\n'}
[5.463779] (bobert_sim) StdoutLine: {'line': b'symbolically linking /home/chino/uvix_ws/build/bobert_sim/models/aws_robomaker_hospital_floor_02_walls/meshes/aws_robomaker_hospital_floor_02_walls_visual.dae -> /home/chino/uvix_ws/install/bobert_sim/share/bobert_sim/models/aws_robomaker_hospital_floor_02_walls/meshes\n'}
[5.465500] (bobert_sim) StdoutLine: {'line': b'symbolically linking /home/chino/uvix_ws/build/bobert_sim/models/aws_robomaker_hospital_floor_02_walls/meshes/aws_robomaker_hospital_floor_02_walls_collision.dae -> /home/chino/uvix_ws/install/bobert_sim/share/bobert_sim/models/aws_robomaker_hospital_floor_02_walls/meshes\n'}
[5.467462] (bobert_sim) StdoutLine: {'line': b'symbolically linking /home/chino/uvix_ws/build/bobert_sim/models/aws_robomaker_hospital_floor_02_walls/meshes/aws_robomaker_hospital_floor_02_walls.png -> /home/chino/uvix_ws/install/bobert_sim/share/bobert_sim/models/aws_robomaker_hospital_floor_02_walls/meshes\n'}
[5.468573] (Uvix_sim) StdoutLine: {'line': b"reading manifest file 'Uvix_sim.egg-info/SOURCES.txt'\n"}
[5.469235] (bobert_sim) StdoutLine: {'line': b'symbolically linking /home/chino/uvix_ws/build/bobert_sim/models/aws_robomaker_hospital_floor_02_walls/meshes/aws_robomaker_hospital_floor_02_doorframes_big.png -> /home/chino/uvix_ws/install/bobert_sim/share/bobert_sim/models/aws_robomaker_hospital_floor_02_walls/meshes\n'}
[5.470395] (bobert_sim) StdoutLine: {'line': b'symbolically linking /home/chino/uvix_ws/build/bobert_sim/models/aws_robomaker_hospital_floor_02_walls/meshes/aws_robomaker_hospital_floor_02_stairs.png -> /home/chino/uvix_ws/install/bobert_sim/share/bobert_sim/models/aws_robomaker_hospital_floor_02_walls/meshes\n'}
[5.471918] (bobert_sim) StdoutLine: {'line': b'creating /home/chino/uvix_ws/install/bobert_sim/share/bobert_sim/models/aws_robomaker_residential_SofaB_01\n'}
[5.473682] (bobert_sim) StdoutLine: {'line': b'symbolically linking /home/chino/uvix_ws/build/bobert_sim/models/aws_robomaker_residential_SofaB_01/model.config -> /home/chino/uvix_ws/install/bobert_sim/share/bobert_sim/models/aws_robomaker_residential_SofaB_01\n'}
[5.475741] (bobert_sim) StdoutLine: {'line': b'symbolically linking /home/chino/uvix_ws/build/bobert_sim/models/aws_robomaker_residential_SofaB_01/model.sdf -> /home/chino/uvix_ws/install/bobert_sim/share/bobert_sim/models/aws_robomaker_residential_SofaB_01\n'}
[5.477611] (bobert_sim) StdoutLine: {'line': b'creating /home/chino/uvix_ws/install/bobert_sim/share/bobert_sim/models/aws_robomaker_residential_SofaB_01/meshes\n'}
[5.479257] (bobert_sim) StdoutLine: {'line': b'symbolically linking /home/chino/uvix_ws/build/bobert_sim/models/aws_robomaker_residential_SofaB_01/meshes/aws_SofaB_01_collision.DAE -> /home/chino/uvix_ws/install/bobert_sim/share/bobert_sim/models/aws_robomaker_residential_SofaB_01/meshes\n'}
[5.481402] (Uvix_sim) StdoutLine: {'line': b"writing manifest file 'Uvix_sim.egg-info/SOURCES.txt'\n"}
[5.483623] (bobert_sim) StdoutLine: {'line': b'symbolically linking /home/chino/uvix_ws/build/bobert_sim/models/aws_robomaker_residential_SofaB_01/meshes/aws_SofaB_01_visual.DAE -> /home/chino/uvix_ws/install/bobert_sim/share/bobert_sim/models/aws_robomaker_residential_SofaB_01/meshes\n'}
[5.485016] (bobert_sim) StdoutLine: {'line': b'creating /home/chino/uvix_ws/install/bobert_sim/share/bobert_sim/models/aws_robomaker_residential_SofaB_01/materials\n'}
[5.486167] (bobert_sim) StdoutLine: {'line': b'creating /home/chino/uvix_ws/install/bobert_sim/share/bobert_sim/models/aws_robomaker_residential_SofaB_01/materials/textures\n'}
[5.487572] (bobert_sim) StdoutLine: {'line': b'symbolically linking /home/chino/uvix_ws/build/bobert_sim/models/aws_robomaker_residential_SofaB_01/materials/textures/aws_SofaB_01.png -> /home/chino/uvix_ws/install/bobert_sim/share/bobert_sim/models/aws_robomaker_residential_SofaB_01/materials/textures\n'}
[5.487961] (Uvix_sim) StdoutLine: {'line': b'running build_ext\n'}
[5.488569] (Uvix_sim) StdoutLine: {'line': b'Creating /home/chino/uvix_ws/install/Uvix_sim/lib/python3.10/site-packages/Uvix-sim.egg-link (link to .)\n'}
[5.489064] (bobert_sim) StdoutLine: {'line': b'creating /home/chino/uvix_ws/install/bobert_sim/share/bobert_sim/models/aws_robomaker_hospital_hospitalsign_01\n'}
[5.490253] (bobert_sim) StdoutLine: {'line': b'symbolically linking /home/chino/uvix_ws/build/bobert_sim/models/aws_robomaker_hospital_hospitalsign_01/model.config -> /home/chino/uvix_ws/install/bobert_sim/share/bobert_sim/models/aws_robomaker_hospital_hospitalsign_01\n'}
[5.490694] (Uvix_sim) StdoutLine: {'line': b'Installing gazebo_ready_watcher script to /home/chino/uvix_ws/install/Uvix_sim/lib/Uvix_sim\n'}
[5.491454] (bobert_sim) StdoutLine: {'line': b'symbolically linking /home/chino/uvix_ws/build/bobert_sim/models/aws_robomaker_hospital_hospitalsign_01/model.sdf -> /home/chino/uvix_ws/install/bobert_sim/share/bobert_sim/models/aws_robomaker_hospital_hospitalsign_01\n'}
[5.492192] (Uvix_sim) StdoutLine: {'line': b'Installing slam_prereq_checker script to /home/chino/uvix_ws/install/Uvix_sim/lib/Uvix_sim\n'}
[5.492641] (bobert_sim) StdoutLine: {'line': b'creating /home/chino/uvix_ws/install/bobert_sim/share/bobert_sim/models/aws_robomaker_hospital_hospitalsign_01/meshes\n'}
[5.493033] (Uvix_sim) StdoutLine: {'line': b'\n'}
[5.493383] (Uvix_sim) StdoutLine: {'line': b'Installed /home/chino/uvix_ws/build/Uvix_sim\n'}
[5.493704] (Uvix_sim) StdoutLine: {'line': b'running symlink_data\n'}
[5.493849] (Uvix_sim) StdoutLine: {'line': b'creating /home/chino/uvix_ws/install/Uvix_sim/share/ament_index\n'}
[5.493959] (bobert_sim) StdoutLine: {'line': b'symbolically linking /home/chino/uvix_ws/build/bobert_sim/models/aws_robomaker_hospital_hospitalsign_01/meshes/aws_robomaker_hospital_hospitalsign_01_collision.dae -> /home/chino/uvix_ws/install/bobert_sim/share/bobert_sim/models/aws_robomaker_hospital_hospitalsign_01/meshes\n'}
[5.494638] (Uvix_sim) StdoutLine: {'line': b'creating /home/chino/uvix_ws/install/Uvix_sim/share/ament_index/resource_index\n'}
[5.495194] (bobert_sim) StdoutLine: {'line': b'symbolically linking /home/chino/uvix_ws/build/bobert_sim/models/aws_robomaker_hospital_hospitalsign_01/meshes/aws_robomaker_hospital_hospitalsign_01_normal.png -> /home/chino/uvix_ws/install/bobert_sim/share/bobert_sim/models/aws_robomaker_hospital_hospitalsign_01/meshes\n'}
[5.495806] (Uvix_sim) StdoutLine: {'line': b'creating /home/chino/uvix_ws/install/Uvix_sim/share/ament_index/resource_index/packages\n'}
[5.496487] (bobert_sim) StdoutLine: {'line': b'symbolically linking /home/chino/uvix_ws/build/bobert_sim/models/aws_robomaker_hospital_hospitalsign_01/meshes/aws_robomaker_hospital_hospitalsign_01.png -> /home/chino/uvix_ws/install/bobert_sim/share/bobert_sim/models/aws_robomaker_hospital_hospitalsign_01/meshes\n'}
[5.497867] (Uvix_sim) StdoutLine: {'line': b'symbolically linking /home/chino/uvix_ws/build/Uvix_sim/resource/Uvix_sim -> /home/chino/uvix_ws/install/Uvix_sim/share/ament_index/resource_index/packages\n'}
[5.498214] (bobert_sim) StdoutLine: {'line': b'symbolically linking /home/chino/uvix_ws/build/bobert_sim/models/aws_robomaker_hospital_hospitalsign_01/meshes/aws_robomaker_hospital_hospitalsign_01_visual.dae -> /home/chino/uvix_ws/install/bobert_sim/share/bobert_sim/models/aws_robomaker_hospital_hospitalsign_01/meshes\n'}
[5.498654] (Uvix_sim) StdoutLine: {'line': b'symbolically linking /home/chino/uvix_ws/build/Uvix_sim/package.xml -> /home/chino/uvix_ws/install/Uvix_sim/share/Uvix_sim\n'}
[5.499086] (Uvix_sim) StdoutLine: {'line': b'creating /home/chino/uvix_ws/install/Uvix_sim/share/Uvix_sim/worlds\n'}
[5.499350] (bobert_sim) StdoutLine: {'line': b'creating /home/chino/uvix_ws/install/bobert_sim/share/bobert_sim/models/aws_robomaker_warehouse_ClutteringA_01\n'}
[5.499879] (Uvix_sim) StdoutLine: {'line': b'symbolically linking /home/chino/uvix_ws/build/Uvix_sim/worlds/hospital.world -> /home/chino/uvix_ws/install/Uvix_sim/share/Uvix_sim/worlds\n'}
[5.500190] (Uvix_sim) StdoutLine: {'line': b'symbolically linking /home/chino/uvix_ws/build/Uvix_sim/worlds/hospital_two_floors.world -> /home/chino/uvix_ws/install/Uvix_sim/share/Uvix_sim/worlds\n'}
[5.500518] (bobert_sim) StdoutLine: {'line': b'symbolically linking /home/chino/uvix_ws/build/bobert_sim/models/aws_robomaker_warehouse_ClutteringA_01/model.config -> /home/chino/uvix_ws/install/bobert_sim/share/bobert_sim/models/aws_robomaker_warehouse_ClutteringA_01\n'}
[5.501160] (Uvix_sim) StdoutLine: {'line': b'symbolically linking /home/chino/uvix_ws/build/Uvix_sim/worlds/hospital_three_floors.world -> /home/chino/uvix_ws/install/Uvix_sim/share/Uvix_sim/worlds\n'}
[5.501612] (bobert_sim) StdoutLine: {'line': b'symbolically linking /home/chino/uvix_ws/build/bobert_sim/models/aws_robomaker_warehouse_ClutteringA_01/model.sdf -> /home/chino/uvix_ws/install/bobert_sim/share/bobert_sim/models/aws_robomaker_warehouse_ClutteringA_01\n'}
[5.502126] (Uvix_sim) StdoutLine: {'line': b'creating /home/chino/uvix_ws/install/Uvix_sim/share/Uvix_sim/meshes\n'}
[5.502713] (bobert_sim) StdoutLine: {'line': b'creating /home/chino/uvix_ws/install/bobert_sim/share/bobert_sim/models/aws_robomaker_warehouse_ClutteringA_01/meshes\n'}
[5.503142] (Uvix_sim) StdoutLine: {'line': b'symbolically linking /home/chino/uvix_ws/build/Uvix_sim/meshes/base_link.dae -> /home/chino/uvix_ws/install/Uvix_sim/share/Uvix_sim/meshes\n'}
[5.503794] (bobert_sim) StdoutLine: {'line': b'symbolically linking /home/chino/uvix_ws/build/bobert_sim/models/aws_robomaker_warehouse_ClutteringA_01/meshes/aws_robomaker_warehouse_ClutteringA_01_collision.DAE -> /home/chino/uvix_ws/install/bobert_sim/share/bobert_sim/models/aws_robomaker_warehouse_ClutteringA_01/meshes\n'}
[5.504115] (Uvix_sim) StdoutLine: {'line': b'symbolically linking /home/chino/uvix_ws/build/Uvix_sim/meshes/Cuerpo_robot-v4.stl -> /home/chino/uvix_ws/install/Uvix_sim/share/Uvix_sim/meshes\n'}
[5.505025] (bobert_sim) StdoutLine: {'line': b'symbolically linking /home/chino/uvix_ws/build/bobert_sim/models/aws_robomaker_warehouse_ClutteringA_01/meshes/aws_robomaker_warehouse_ClutteringA_01_visual.DAE -> /home/chino/uvix_ws/install/bobert_sim/share/bobert_sim/models/aws_robomaker_warehouse_ClutteringA_01/meshes\n'}
[5.505618] (Uvix_sim) StdoutLine: {'line': b'symbolically linking /home/chino/uvix_ws/build/Uvix_sim/meshes/Rueda_izquierda-v2.stl -> /home/chino/uvix_ws/install/Uvix_sim/share/Uvix_sim/meshes\n'}
[5.506270] (bobert_sim) StdoutLine: {'line': b'creating /home/chino/uvix_ws/install/bobert_sim/share/bobert_sim/models/aws_robomaker_warehouse_ClutteringA_01/materials\n'}
[5.507103] (Uvix_sim) StdoutLine: {'line': b'symbolically linking /home/chino/uvix_ws/build/Uvix_sim/meshes/rotatori_suport_rigth-v3.stl -> /home/chino/uvix_ws/install/Uvix_sim/share/Uvix_sim/meshes\n'}
[5.508005] (bobert_sim) StdoutLine: {'line': b'creating /home/chino/uvix_ws/install/bobert_sim/share/bobert_sim/models/aws_robomaker_warehouse_ClutteringA_01/materials/textures\n'}
[5.508741] (Uvix_sim) StdoutLine: {'line': b'symbolically linking /home/chino/uvix_ws/build/Uvix_sim/meshes/rotatori_suport_left-v3.stl -> /home/chino/uvix_ws/install/Uvix_sim/share/Uvix_sim/meshes\n'}
[5.509258] (bobert_sim) StdoutLine: {'line': b'symbolically linking /home/chino/uvix_ws/build/bobert_sim/models/aws_robomaker_warehouse_ClutteringA_01/materials/textures/aws_robomaker_warehouse_ClutteringA_03.png -> /home/chino/uvix_ws/install/bobert_sim/share/bobert_sim/models/aws_robomaker_warehouse_ClutteringA_01/materials/textures\n'}
[5.510084] (bobert_sim) StdoutLine: {'line': b'symbolically linking /home/chino/uvix_ws/build/bobert_sim/models/aws_robomaker_warehouse_ClutteringA_01/materials/textures/aws_robomaker_warehouse_ClutteringA_01.png -> /home/chino/uvix_ws/install/bobert_sim/share/bobert_sim/models/aws_robomaker_warehouse_ClutteringA_01/materials/textures\n'}
[5.510337] (Uvix_sim) StdoutLine: {'line': b'symbolically linking /home/chino/uvix_ws/build/Uvix_sim/meshes/Rueda_derecha-v3.stl -> /home/chino/uvix_ws/install/Uvix_sim/share/Uvix_sim/meshes\n'}
[5.511002] (Uvix_sim) StdoutLine: {'line': b'symbolically linking /home/chino/uvix_ws/build/Uvix_sim/meshes/LIDAR-v5.stl -> /home/chino/uvix_ws/install/Uvix_sim/share/Uvix_sim/meshes\n'}
[5.511442] (bobert_sim) StdoutLine: {'line': b'symbolically linking /home/chino/uvix_ws/build/bobert_sim/models/aws_robomaker_warehouse_ClutteringA_01/materials/textures/aws_robomaker_warehouse_ClutteringA_02.png -> /home/chino/uvix_ws/install/bobert_sim/share/bobert_sim/models/aws_robomaker_warehouse_ClutteringA_01/materials/textures\n'}
[5.512132] (Uvix_sim) StdoutLine: {'line': b'symbolically linking /home/chino/uvix_ws/build/Uvix_sim/meshes/road_left-v3.stl -> /home/chino/uvix_ws/install/Uvix_sim/share/Uvix_sim/meshes\n'}
[5.513123] (Uvix_sim) StdoutLine: {'line': b'symbolically linking /home/chino/uvix_ws/build/Uvix_sim/meshes/Camara_1-v4.stl -> /home/chino/uvix_ws/install/Uvix_sim/share/Uvix_sim/meshes\n'}
[5.513614] (bobert_sim) StdoutLine: {'line': b'creating /home/chino/uvix_ws/install/bobert_sim/share/bobert_sim/models/aws_robomaker_hospital_floor_01_floor\n'}
[5.513897] (Uvix_sim) StdoutLine: {'line': b'symbolically linking /home/chino/uvix_ws/build/Uvix_sim/meshes/Camara_2-v2.stl -> /home/chino/uvix_ws/install/Uvix_sim/share/Uvix_sim/meshes\n'}
[5.514756] (Uvix_sim) StdoutLine: {'line': b'symbolically linking /home/chino/uvix_ws/build/Uvix_sim/meshes/road_rigth-v3.stl -> /home/chino/uvix_ws/install/Uvix_sim/share/Uvix_sim/meshes\n'}
[5.515139] (Uvix_sim) StdoutLine: {'line': b'creating /home/chino/uvix_ws/install/Uvix_sim/share/Uvix_sim/urdf\n'}
[5.515715] (Uvix_sim) StdoutLine: {'line': b'symbolically linking /home/chino/uvix_ws/build/Uvix_sim/urdf/uvix.xacro -> /home/chino/uvix_ws/install/Uvix_sim/share/Uvix_sim/urdf\n'}
[5.515891] (bobert_sim) StdoutLine: {'line': b'symbolically linking /home/chino/uvix_ws/build/bobert_sim/models/aws_robomaker_hospital_floor_01_floor/model.config -> /home/chino/uvix_ws/install/bobert_sim/share/bobert_sim/models/aws_robomaker_hospital_floor_01_floor\n'}
[5.516187] (Uvix_sim) StdoutLine: {'line': b'symbolically linking /home/chino/uvix_ws/build/Uvix_sim/urdf/uvix.gazebo -> /home/chino/uvix_ws/install/Uvix_sim/share/Uvix_sim/urdf\n'}
[5.516378] (Uvix_sim) StdoutLine: {'line': b'symbolically linking /home/chino/uvix_ws/build/Uvix_sim/urdf/materials.xacro -> /home/chino/uvix_ws/install/Uvix_sim/share/Uvix_sim/urdf\n'}
[5.517017] (Uvix_sim) StdoutLine: {'line': b'creating /home/chino/uvix_ws/install/Uvix_sim/share/Uvix_sim/launch\n'}
[5.517314] (bobert_sim) StdoutLine: {'line': b'symbolically linking /home/chino/uvix_ws/build/bobert_sim/models/aws_robomaker_hospital_floor_01_floor/model.sdf -> /home/chino/uvix_ws/install/bobert_sim/share/bobert_sim/models/aws_robomaker_hospital_floor_01_floor\n'}
[5.518000] (Uvix_sim) StdoutLine: {'line': b'symbolically linking /home/chino/uvix_ws/build/Uvix_sim/launch/sim_launch.py -> /home/chino/uvix_ws/install/Uvix_sim/share/Uvix_sim/launch\n'}
[5.518394] (bobert_sim) StdoutLine: {'line': b'creating /home/chino/uvix_ws/install/bobert_sim/share/bobert_sim/models/aws_robomaker_hospital_floor_01_floor/meshes\n'}
[5.518681] (Uvix_sim) StdoutLine: {'line': b'symbolically linking /home/chino/uvix_ws/build/Uvix_sim/launch/test_mundo.launch.py -> /home/chino/uvix_ws/install/Uvix_sim/share/Uvix_sim/launch\n'}
[5.519264] (bobert_sim) StdoutLine: {'line': b'symbolically linking /home/chino/uvix_ws/build/bobert_sim/models/aws_robomaker_hospital_floor_01_floor/meshes/aws_robomaker_hospital_floor_01_floor.png -> /home/chino/uvix_ws/install/bobert_sim/share/bobert_sim/models/aws_robomaker_hospital_floor_01_floor/meshes\n'}
[5.519569] (Uvix_sim) StdoutLine: {'line': b'creating /home/chino/uvix_ws/install/Uvix_sim/share/Uvix_sim/config\n'}
[5.520285] (bobert_sim) StdoutLine: {'line': b'symbolically linking /home/chino/uvix_ws/build/bobert_sim/models/aws_robomaker_hospital_floor_01_floor/meshes/aws_robomaker_hospital_floor_01_floor_collision.dae -> /home/chino/uvix_ws/install/bobert_sim/share/bobert_sim/models/aws_robomaker_hospital_floor_01_floor/meshes\n'}
[5.521277] (Uvix_sim) StdoutLine: {'line': b'symbolically linking /home/chino/uvix_ws/build/Uvix_sim/config/main.rviz -> /home/chino/uvix_ws/install/Uvix_sim/share/Uvix_sim/config\n'}
[5.521579] (Uvix_sim) StdoutLine: {'line': b'symbolically linking /home/chino/uvix_ws/build/Uvix_sim/config/ekf.yaml -> /home/chino/uvix_ws/install/Uvix_sim/share/Uvix_sim/config\n'}
[5.521782] (Uvix_sim) StdoutLine: {'line': b'symbolically linking /home/chino/uvix_ws/build/Uvix_sim/config/mapper_params_online_async.yaml -> /home/chino/uvix_ws/install/Uvix_sim/share/Uvix_sim/config\n'}
[5.521987] (bobert_sim) StdoutLine: {'line': b'symbolically linking /home/chino/uvix_ws/build/bobert_sim/models/aws_robomaker_hospital_floor_01_floor/meshes/aws_robomaker_hospital_floor_01_floor_visual.dae -> /home/chino/uvix_ws/install/bobert_sim/share/bobert_sim/models/aws_robomaker_hospital_floor_01_floor/meshes\n'}
[5.522697] (Uvix_sim) StdoutLine: {'line': b'symbolically linking /home/chino/uvix_ws/build/Uvix_sim/config/Uvix_controllers.yaml -> /home/chino/uvix_ws/install/Uvix_sim/share/Uvix_sim/config\n'}
[5.523017] (bobert_sim) StdoutLine: {'line': b'symbolically linking /home/chino/uvix_ws/build/bobert_sim/models/aws_robomaker_hospital_floor_01_floor/meshes/aws_robomaker_hospital_floor_01_floor_normal.png -> /home/chino/uvix_ws/install/bobert_sim/share/bobert_sim/models/aws_robomaker_hospital_floor_01_floor/meshes\n'}
[5.524417] (bobert_sim) StdoutLine: {'line': b'creating /home/chino/uvix_ws/install/bobert_sim/share/bobert_sim/models/aws_robomaker_hospital_floor_02_ceiling\n'}
[5.525120] (Uvix_sim) StdoutLine: {'line': b'creating /home/chino/uvix_ws/install/Uvix_sim/share/Uvix_sim/maps\n'}
[5.526451] (Uvix_sim) StdoutLine: {'line': b'creating /home/chino/uvix_ws/install/Uvix_sim/share/Uvix_sim/models\n'}
[5.527111] (bobert_sim) StdoutLine: {'line': b'symbolically linking /home/chino/uvix_ws/build/bobert_sim/models/aws_robomaker_hospital_floor_02_ceiling/model.config -> /home/chino/uvix_ws/install/bobert_sim/share/bobert_sim/models/aws_robomaker_hospital_floor_02_ceiling\n'}
[5.527896] (bobert_sim) StdoutLine: {'line': b'symbolically linking /home/chino/uvix_ws/build/bobert_sim/models/aws_robomaker_hospital_floor_02_ceiling/model.sdf -> /home/chino/uvix_ws/install/bobert_sim/share/bobert_sim/models/aws_robomaker_hospital_floor_02_ceiling\n'}
[5.529051] (Uvix_sim) StdoutLine: {'line': b'creating /home/chino/uvix_ws/install/Uvix_sim/share/Uvix_sim/models/aws_robomaker_warehouse_ClutteringC_01\n'}
[5.529919] (bobert_sim) StdoutLine: {'line': b'creating /home/chino/uvix_ws/install/bobert_sim/share/bobert_sim/models/aws_robomaker_hospital_floor_02_ceiling/meshes\n'}
[5.530217] (Uvix_sim) StdoutLine: {'line': b'symbolically linking /home/chino/uvix_ws/build/Uvix_sim/models/aws_robomaker_warehouse_ClutteringC_01/model.config -> /home/chino/uvix_ws/install/Uvix_sim/share/Uvix_sim/models/aws_robomaker_warehouse_ClutteringC_01\n'}
[5.530706] (bobert_sim) StdoutLine: {'line': b'symbolically linking /home/chino/uvix_ws/build/bobert_sim/models/aws_robomaker_hospital_floor_02_ceiling/meshes/aws_robomaker_hospital_floor_02_ceiling_normal.png -> /home/chino/uvix_ws/install/bobert_sim/share/bobert_sim/models/aws_robomaker_hospital_floor_02_ceiling/meshes\n'}
[5.531238] (Uvix_sim) StdoutLine: {'line': b'symbolically linking /home/chino/uvix_ws/build/Uvix_sim/models/aws_robomaker_warehouse_ClutteringC_01/model.sdf -> /home/chino/uvix_ws/install/Uvix_sim/share/Uvix_sim/models/aws_robomaker_warehouse_ClutteringC_01\n'}
[5.532063] (bobert_sim) StdoutLine: {'line': b'symbolically linking /home/chino/uvix_ws/build/bobert_sim/models/aws_robomaker_hospital_floor_02_ceiling/meshes/aws_robomaker_hospital_floor_02_ceiling.png -> /home/chino/uvix_ws/install/bobert_sim/share/bobert_sim/models/aws_robomaker_hospital_floor_02_ceiling/meshes\n'}
[5.532495] (Uvix_sim) StdoutLine: {'line': b'creating /home/chino/uvix_ws/install/Uvix_sim/share/Uvix_sim/models/aws_robomaker_warehouse_ClutteringC_01/meshes\n'}
[5.533420] (bobert_sim) StdoutLine: {'line': b'symbolically linking /home/chino/uvix_ws/build/bobert_sim/models/aws_robomaker_hospital_floor_02_ceiling/meshes/aws_robomaker_hospital_floor_02_ceiling_collision.dae -> /home/chino/uvix_ws/install/bobert_sim/share/bobert_sim/models/aws_robomaker_hospital_floor_02_ceiling/meshes\n'}
[5.533950] (Uvix_sim) StdoutLine: {'line': b'symbolically linking /home/chino/uvix_ws/build/Uvix_sim/models/aws_robomaker_warehouse_ClutteringC_01/meshes/aws_robomaker_warehouse_ClutteringC_01_collision.DAE -> /home/chino/uvix_ws/install/Uvix_sim/share/Uvix_sim/models/aws_robomaker_warehouse_ClutteringC_01/meshes\n'}
[5.534700] (bobert_sim) StdoutLine: {'line': b'symbolically linking /home/chino/uvix_ws/build/bobert_sim/models/aws_robomaker_hospital_floor_02_ceiling/meshes/aws_robomaker_hospital_floor_02_ceiling_visual.dae -> /home/chino/uvix_ws/install/bobert_sim/share/bobert_sim/models/aws_robomaker_hospital_floor_02_ceiling/meshes\n'}
[5.535239] (Uvix_sim) StdoutLine: {'line': b'symbolically linking /home/chino/uvix_ws/build/Uvix_sim/models/aws_robomaker_warehouse_ClutteringC_01/meshes/aws_robomaker_warehouse_ClutteringC_01_visual.DAE -> /home/chino/uvix_ws/install/Uvix_sim/share/Uvix_sim/models/aws_robomaker_warehouse_ClutteringC_01/meshes\n'}
[5.535976] (bobert_sim) StdoutLine: {'line': b'creating /home/chino/uvix_ws/install/bobert_sim/share/bobert_sim/models/aws_robomaker_hospital_floor_02_ceiling/materials\n'}
[5.536467] (Uvix_sim) StdoutLine: {'line': b'creating /home/chino/uvix_ws/install/Uvix_sim/share/Uvix_sim/models/aws_robomaker_warehouse_ClutteringC_01/materials\n'}
[5.536709] (-) TimerEvent: {}
[5.537358] (bobert_sim) StdoutLine: {'line': b'symbolically linking /home/chino/uvix_ws/build/bobert_sim/models/aws_robomaker_hospital_floor_02_ceiling/materials/model.sdf -> /home/chino/uvix_ws/install/bobert_sim/share/bobert_sim/models/aws_robomaker_hospital_floor_02_ceiling/materials\n'}
[5.538432] (Uvix_sim) StdoutLine: {'line': b'creating /home/chino/uvix_ws/install/Uvix_sim/share/Uvix_sim/models/aws_robomaker_warehouse_ClutteringC_01/materials/textures\n'}
[5.539016] (bobert_sim) StdoutLine: {'line': b'creating /home/chino/uvix_ws/install/bobert_sim/share/bobert_sim/models/aws_robomaker_residential_PortraitB_02\n'}
[5.539906] (Uvix_sim) StdoutLine: {'line': b'symbolically linking /home/chino/uvix_ws/build/Uvix_sim/models/aws_robomaker_warehouse_ClutteringC_01/materials/textures/aws_robomaker_warehouse_ClutteringC_02.png -> /home/chino/uvix_ws/install/Uvix_sim/share/Uvix_sim/models/aws_robomaker_warehouse_ClutteringC_01/materials/textures\n'}
[5.540341] (bobert_sim) StdoutLine: {'line': b'symbolically linking /home/chino/uvix_ws/build/bobert_sim/models/aws_robomaker_residential_PortraitB_02/model.config -> /home/chino/uvix_ws/install/bobert_sim/share/bobert_sim/models/aws_robomaker_residential_PortraitB_02\n'}
[5.541668] (bobert_sim) StdoutLine: {'line': b'symbolically linking /home/chino/uvix_ws/build/bobert_sim/models/aws_robomaker_residential_PortraitB_02/model.sdf -> /home/chino/uvix_ws/install/bobert_sim/share/bobert_sim/models/aws_robomaker_residential_PortraitB_02\n'}
[5.541959] (Uvix_sim) StdoutLine: {'line': b'symbolically linking /home/chino/uvix_ws/build/Uvix_sim/models/aws_robomaker_warehouse_ClutteringC_01/materials/textures/aws_robomaker_warehouse_ClutteringC_01.png -> /home/chino/uvix_ws/install/Uvix_sim/share/Uvix_sim/models/aws_robomaker_warehouse_ClutteringC_01/materials/textures\n'}
[5.542929] (bobert_sim) StdoutLine: {'line': b'creating /home/chino/uvix_ws/install/bobert_sim/share/bobert_sim/models/aws_robomaker_residential_PortraitB_02/meshes\n'}
[5.543469] (Uvix_sim) StdoutLine: {'line': b'creating /home/chino/uvix_ws/install/Uvix_sim/share/Uvix_sim/models/aws_robomaker_residential_Sofa_01\n'}
[5.544388] (bobert_sim) StdoutLine: {'line': b'symbolically linking /home/chino/uvix_ws/build/bobert_sim/models/aws_robomaker_residential_PortraitB_02/meshes/aws_PortraitB_01_visual.DAE -> /home/chino/uvix_ws/install/bobert_sim/share/bobert_sim/models/aws_robomaker_residential_PortraitB_02/meshes\n'}
[5.544829] (Uvix_sim) StdoutLine: {'line': b'symbolically linking /home/chino/uvix_ws/build/Uvix_sim/models/aws_robomaker_residential_Sofa_01/model.config -> /home/chino/uvix_ws/install/Uvix_sim/share/Uvix_sim/models/aws_robomaker_residential_Sofa_01\n'}
[5.545955] (bobert_sim) StdoutLine: {'line': b'symbolically linking /home/chino/uvix_ws/build/bobert_sim/models/aws_robomaker_residential_PortraitB_02/meshes/aws_PortraitB_01_collision.DAE -> /home/chino/uvix_ws/install/bobert_sim/share/bobert_sim/models/aws_robomaker_residential_PortraitB_02/meshes\n'}
[5.546602] (Uvix_sim) StdoutLine: {'line': b'symbolically linking /home/chino/uvix_ws/build/Uvix_sim/models/aws_robomaker_residential_Sofa_01/model.sdf -> /home/chino/uvix_ws/install/Uvix_sim/share/Uvix_sim/models/aws_robomaker_residential_Sofa_01\n'}
[5.547734] (bobert_sim) StdoutLine: {'line': b'creating /home/chino/uvix_ws/install/bobert_sim/share/bobert_sim/models/aws_robomaker_residential_PortraitB_02/materials\n'}
[5.548248] (Uvix_sim) StdoutLine: {'line': b'creating /home/chino/uvix_ws/install/Uvix_sim/share/Uvix_sim/models/aws_robomaker_residential_Sofa_01/meshes\n'}
[5.548887] (bobert_sim) StdoutLine: {'line': b'creating /home/chino/uvix_ws/install/bobert_sim/share/bobert_sim/models/aws_robomaker_residential_PortraitB_02/materials/textures\n'}
[5.549383] (Uvix_sim) StdoutLine: {'line': b'symbolically linking /home/chino/uvix_ws/build/Uvix_sim/models/aws_robomaker_residential_Sofa_01/meshes/aws_Sofa_01_collision.DAE -> /home/chino/uvix_ws/install/Uvix_sim/share/Uvix_sim/models/aws_robomaker_residential_Sofa_01/meshes\n'}
[5.550319] (bobert_sim) StdoutLine: {'line': b'symbolically linking /home/chino/uvix_ws/build/bobert_sim/models/aws_robomaker_residential_PortraitB_02/materials/textures/aws_PortraitB_02.png -> /home/chino/uvix_ws/install/bobert_sim/share/bobert_sim/models/aws_robomaker_residential_PortraitB_02/materials/textures\n'}
[5.551217] (Uvix_sim) StdoutLine: {'line': b'symbolically linking /home/chino/uvix_ws/build/Uvix_sim/models/aws_robomaker_residential_Sofa_01/meshes/aws_Sofa_01.DAE -> /home/chino/uvix_ws/install/Uvix_sim/share/Uvix_sim/models/aws_robomaker_residential_Sofa_01/meshes\n'}
[5.551822] (bobert_sim) StdoutLine: {'line': b'symbolically linking /home/chino/uvix_ws/build/bobert_sim/models/aws_robomaker_residential_PortraitB_02/materials/textures/aws_PortraitB_01.png -> /home/chino/uvix_ws/install/bobert_sim/share/bobert_sim/models/aws_robomaker_residential_PortraitB_02/materials/textures\n'}
[5.552062] (Uvix_sim) StdoutLine: {'line': b'symbolically linking /home/chino/uvix_ws/build/Uvix_sim/models/aws_robomaker_residential_Sofa_01/meshes/aws_Sofa_01_visual.DAE -> /home/chino/uvix_ws/install/Uvix_sim/share/Uvix_sim/models/aws_robomaker_residential_Sofa_01/meshes\n'}
[5.552949] (bobert_sim) StdoutLine: {'line': b'creating /home/chino/uvix_ws/install/bobert_sim/share/bobert_sim/models/aws_robomaker_residential_PortraitC_01\n'}
[5.553247] (Uvix_sim) StdoutLine: {'line': b'creating /home/chino/uvix_ws/install/Uvix_sim/share/Uvix_sim/models/aws_robomaker_residential_Sofa_01/materials\n'}
[5.554370] (Uvix_sim) StdoutLine: {'line': b'creating /home/chino/uvix_ws/install/Uvix_sim/share/Uvix_sim/models/aws_robomaker_residential_Sofa_01/materials/textures\n'}
[5.554923] (bobert_sim) StdoutLine: {'line': b'symbolically linking /home/chino/uvix_ws/build/bobert_sim/models/aws_robomaker_residential_PortraitC_01/model.config -> /home/chino/uvix_ws/install/bobert_sim/share/bobert_sim/models/aws_robomaker_residential_PortraitC_01\n'}
[5.555695] (Uvix_sim) StdoutLine: {'line': b'symbolically linking /home/chino/uvix_ws/build/Uvix_sim/models/aws_robomaker_residential_Sofa_01/materials/textures/aws_Sofa_01.png -> /home/chino/uvix_ws/install/Uvix_sim/share/Uvix_sim/models/aws_robomaker_residential_Sofa_01/materials/textures\n'}
[5.555952] (bobert_sim) StdoutLine: {'line': b'symbolically linking /home/chino/uvix_ws/build/bobert_sim/models/aws_robomaker_residential_PortraitC_01/model.sdf -> /home/chino/uvix_ws/install/bobert_sim/share/bobert_sim/models/aws_robomaker_residential_PortraitC_01\n'}
[5.556893] (bobert_sim) StdoutLine: {'line': b'creating /home/chino/uvix_ws/install/bobert_sim/share/bobert_sim/models/aws_robomaker_residential_PortraitC_01/meshes\n'}
[5.557369] (Uvix_sim) StdoutLine: {'line': b'creating /home/chino/uvix_ws/install/Uvix_sim/share/Uvix_sim/models/aws_robomaker_hospital_elevator_01_portal\n'}
[5.558195] (bobert_sim) StdoutLine: {'line': b'symbolically linking /home/chino/uvix_ws/build/bobert_sim/models/aws_robomaker_residential_PortraitC_01/meshes/aws_PortraitC_01_visual.DAE -> /home/chino/uvix_ws/install/bobert_sim/share/bobert_sim/models/aws_robomaker_residential_PortraitC_01/meshes\n'}
[5.558673] (Uvix_sim) StdoutLine: {'line': b'symbolically linking /home/chino/uvix_ws/build/Uvix_sim/models/aws_robomaker_hospital_elevator_01_portal/model.config -> /home/chino/uvix_ws/install/Uvix_sim/share/Uvix_sim/models/aws_robomaker_hospital_elevator_01_portal\n'}
[5.559539] (bobert_sim) StdoutLine: {'line': b'symbolically linking /home/chino/uvix_ws/build/bobert_sim/models/aws_robomaker_residential_PortraitC_01/meshes/aws_PortraitC_01_collision.DAE -> /home/chino/uvix_ws/install/bobert_sim/share/bobert_sim/models/aws_robomaker_residential_PortraitC_01/meshes\n'}
[5.560083] (Uvix_sim) StdoutLine: {'line': b'symbolically linking /home/chino/uvix_ws/build/Uvix_sim/models/aws_robomaker_hospital_elevator_01_portal/model.sdf -> /home/chino/uvix_ws/install/Uvix_sim/share/Uvix_sim/models/aws_robomaker_hospital_elevator_01_portal\n'}
[5.560805] (bobert_sim) StdoutLine: {'line': b'creating /home/chino/uvix_ws/install/bobert_sim/share/bobert_sim/models/aws_robomaker_residential_PortraitC_01/materials\n'}
[5.561523] (Uvix_sim) StdoutLine: {'line': b'creating /home/chino/uvix_ws/install/Uvix_sim/share/Uvix_sim/models/aws_robomaker_hospital_elevator_01_portal/meshes\n'}
[5.562254] (bobert_sim) StdoutLine: {'line': b'creating /home/chino/uvix_ws/install/bobert_sim/share/bobert_sim/models/aws_robomaker_residential_PortraitC_01/materials/textures\n'}
[5.562667] (Uvix_sim) StdoutLine: {'line': b'symbolically linking /home/chino/uvix_ws/build/Uvix_sim/models/aws_robomaker_hospital_elevator_01_portal/meshes/aws_robomaker_hospital_elevator_01_low.png -> /home/chino/uvix_ws/install/Uvix_sim/share/Uvix_sim/models/aws_robomaker_hospital_elevator_01_portal/meshes\n'}
[5.563531] (bobert_sim) StdoutLine: {'line': b'symbolically linking /home/chino/uvix_ws/build/bobert_sim/models/aws_robomaker_residential_PortraitC_01/materials/textures/aws_PortraitC_02.png -> /home/chino/uvix_ws/install/bobert_sim/share/bobert_sim/models/aws_robomaker_residential_PortraitC_01/materials/textures\n'}
[5.564060] (Uvix_sim) StdoutLine: {'line': b'symbolically linking /home/chino/uvix_ws/build/Uvix_sim/models/aws_robomaker_hospital_elevator_01_portal/meshes/aws_robomaker_hospital_elevator_01_portal_collision.dae -> /home/chino/uvix_ws/install/Uvix_sim/share/Uvix_sim/models/aws_robomaker_hospital_elevator_01_portal/meshes\n'}
[5.564743] (bobert_sim) StdoutLine: {'line': b'symbolically linking /home/chino/uvix_ws/build/bobert_sim/models/aws_robomaker_residential_PortraitC_01/materials/textures/aws_PortraitC_01.png -> /home/chino/uvix_ws/install/bobert_sim/share/bobert_sim/models/aws_robomaker_residential_PortraitC_01/materials/textures\n'}
[5.565321] (Uvix_sim) StdoutLine: {'line': b'symbolically linking /home/chino/uvix_ws/build/Uvix_sim/models/aws_robomaker_hospital_elevator_01_portal/meshes/aws_robomaker_hospital_elevator_01_visual.png -> /home/chino/uvix_ws/install/Uvix_sim/share/Uvix_sim/models/aws_robomaker_hospital_elevator_01_portal/meshes\n'}
[5.565933] (bobert_sim) StdoutLine: {'line': b'creating /home/chino/uvix_ws/install/bobert_sim/share/bobert_sim/models/aws_robomaker_retail_Computer_01\n'}
[5.566397] (Uvix_sim) StdoutLine: {'line': b'symbolically linking /home/chino/uvix_ws/build/Uvix_sim/models/aws_robomaker_hospital_elevator_01_portal/meshes/aws_robomaker_hospital_elevator_01_portal_visual.dae -> /home/chino/uvix_ws/install/Uvix_sim/share/Uvix_sim/models/aws_robomaker_hospital_elevator_01_portal/meshes\n'}
[5.567202] (bobert_sim) StdoutLine: {'line': b'symbolically linking /home/chino/uvix_ws/build/bobert_sim/models/aws_robomaker_retail_Computer_01/model.config -> /home/chino/uvix_ws/install/bobert_sim/share/bobert_sim/models/aws_robomaker_retail_Computer_01\n'}
[5.567744] (Uvix_sim) StdoutLine: {'line': b'symbolically linking /home/chino/uvix_ws/build/Uvix_sim/models/aws_robomaker_hospital_elevator_01_portal/meshes/aws_robomaker_hospital_elevator_01_portal_low.dae -> /home/chino/uvix_ws/install/Uvix_sim/share/Uvix_sim/models/aws_robomaker_hospital_elevator_01_portal/meshes\n'}
[5.568390] (bobert_sim) StdoutLine: {'line': b'symbolically linking /home/chino/uvix_ws/build/bobert_sim/models/aws_robomaker_retail_Computer_01/model.sdf -> /home/chino/uvix_ws/install/bobert_sim/share/bobert_sim/models/aws_robomaker_retail_Computer_01\n'}
[5.568806] (Uvix_sim) StdoutLine: {'line': b'symbolically linking /home/chino/uvix_ws/build/Uvix_sim/models/aws_robomaker_hospital_elevator_01_portal/meshes/aws_robomaker_hospital_elevator_01_low_normal.png -> /home/chino/uvix_ws/install/Uvix_sim/share/Uvix_sim/models/aws_robomaker_hospital_elevator_01_portal/meshes\n'}
[5.569622] (bobert_sim) StdoutLine: {'line': b'creating /home/chino/uvix_ws/install/bobert_sim/share/bobert_sim/models/aws_robomaker_retail_Computer_01/meshes\n'}
[5.570207] (Uvix_sim) StdoutLine: {'line': b'symbolically linking /home/chino/uvix_ws/build/Uvix_sim/models/aws_robomaker_hospital_elevator_01_portal/meshes/aws_robomaker_hospital_elevator_01_visual_normal.png -> /home/chino/uvix_ws/install/Uvix_sim/share/Uvix_sim/models/aws_robomaker_hospital_elevator_01_portal/meshes\n'}
[5.570955] (bobert_sim) StdoutLine: {'line': b'symbolically linking /home/chino/uvix_ws/build/bobert_sim/models/aws_robomaker_retail_Computer_01/meshes/aws_Computer_01_visual.DAE -> /home/chino/uvix_ws/install/bobert_sim/share/bobert_sim/models/aws_robomaker_retail_Computer_01/meshes\n'}
[5.571624] (Uvix_sim) StdoutLine: {'line': b'creating /home/chino/uvix_ws/install/Uvix_sim/share/Uvix_sim/models/aws_robomaker_residential_CoffeeTable_01\n'}
[5.572215] (bobert_sim) StdoutLine: {'line': b'symbolically linking /home/chino/uvix_ws/build/bobert_sim/models/aws_robomaker_retail_Computer_01/meshes/aws_Computer_01_collision.DAE -> /home/chino/uvix_ws/install/bobert_sim/share/bobert_sim/models/aws_robomaker_retail_Computer_01/meshes\n'}
[5.572927] (Uvix_sim) StdoutLine: {'line': b'symbolically linking /home/chino/uvix_ws/build/Uvix_sim/models/aws_robomaker_residential_CoffeeTable_01/model.config -> /home/chino/uvix_ws/install/Uvix_sim/share/Uvix_sim/models/aws_robomaker_residential_CoffeeTable_01\n'}
[5.573408] (bobert_sim) StdoutLine: {'line': b'creating /home/chino/uvix_ws/install/bobert_sim/share/bobert_sim/models/aws_robomaker_retail_Computer_01/materials\n'}
[5.573874] (Uvix_sim) StdoutLine: {'line': b'symbolically linking /home/chino/uvix_ws/build/Uvix_sim/models/aws_robomaker_residential_CoffeeTable_01/model.sdf -> /home/chino/uvix_ws/install/Uvix_sim/share/Uvix_sim/models/aws_robomaker_residential_CoffeeTable_01\n'}
[5.574701] (bobert_sim) StdoutLine: {'line': b'creating /home/chino/uvix_ws/install/bobert_sim/share/bobert_sim/models/aws_robomaker_retail_Computer_01/materials/textures\n'}
[5.575284] (Uvix_sim) StdoutLine: {'line': b'creating /home/chino/uvix_ws/install/Uvix_sim/share/Uvix_sim/models/aws_robomaker_residential_CoffeeTable_01/meshes\n'}
[5.575980] (bobert_sim) StdoutLine: {'line': b'symbolically linking /home/chino/uvix_ws/build/bobert_sim/models/aws_robomaker_retail_Computer_01/materials/textures/aws_Computer_01.png -> /home/chino/uvix_ws/install/bobert_sim/share/bobert_sim/models/aws_robomaker_retail_Computer_01/materials/textures\n'}
[5.576551] (Uvix_sim) StdoutLine: {'line': b'symbolically linking /home/chino/uvix_ws/build/Uvix_sim/models/aws_robomaker_residential_CoffeeTable_01/meshes/aws_CoffeeTable_01_collision.DAE -> /home/chino/uvix_ws/install/Uvix_sim/share/Uvix_sim/models/aws_robomaker_residential_CoffeeTable_01/meshes\n'}
[5.577288] (bobert_sim) StdoutLine: {'line': b'creating /home/chino/uvix_ws/install/bobert_sim/share/bobert_sim/models/aws_robomaker_hospital_ramp_01\n'}
[5.577756] (Uvix_sim) StdoutLine: {'line': b'symbolically linking /home/chino/uvix_ws/build/Uvix_sim/models/aws_robomaker_residential_CoffeeTable_01/meshes/aws_CoffeeTable_01_visual.DAE -> /home/chino/uvix_ws/install/Uvix_sim/share/Uvix_sim/models/aws_robomaker_residential_CoffeeTable_01/meshes\n'}
[5.578612] (bobert_sim) StdoutLine: {'line': b'symbolically linking /home/chino/uvix_ws/build/bobert_sim/models/aws_robomaker_hospital_ramp_01/model.config -> /home/chino/uvix_ws/install/bobert_sim/share/bobert_sim/models/aws_robomaker_hospital_ramp_01\n'}
[5.579054] (Uvix_sim) StdoutLine: {'line': b'creating /home/chino/uvix_ws/install/Uvix_sim/share/Uvix_sim/models/aws_robomaker_residential_CoffeeTable_01/materials\n'}
[5.580192] (Uvix_sim) StdoutLine: {'line': b'creating /home/chino/uvix_ws/install/Uvix_sim/share/Uvix_sim/models/aws_robomaker_residential_CoffeeTable_01/materials/textures\n'}
[5.580497] (bobert_sim) StdoutLine: {'line': b'symbolically linking /home/chino/uvix_ws/build/bobert_sim/models/aws_robomaker_hospital_ramp_01/model.sdf -> /home/chino/uvix_ws/install/bobert_sim/share/bobert_sim/models/aws_robomaker_hospital_ramp_01\n'}
[5.581472] (bobert_sim) StdoutLine: {'line': b'creating /home/chino/uvix_ws/install/bobert_sim/share/bobert_sim/models/aws_robomaker_hospital_ramp_01/meshes\n'}
[5.581789] (Uvix_sim) StdoutLine: {'line': b'symbolically linking /home/chino/uvix_ws/build/Uvix_sim/models/aws_robomaker_residential_CoffeeTable_01/materials/textures/aws_CoffeeTable_01.png -> /home/chino/uvix_ws/install/Uvix_sim/share/Uvix_sim/models/aws_robomaker_residential_CoffeeTable_01/materials/textures\n'}
[5.582948] (bobert_sim) StdoutLine: {'line': b'symbolically linking /home/chino/uvix_ws/build/bobert_sim/models/aws_robomaker_hospital_ramp_01/meshes/aws_robomaker_hospital_ramp_01_visual.dae -> /home/chino/uvix_ws/install/bobert_sim/share/bobert_sim/models/aws_robomaker_hospital_ramp_01/meshes\n'}
[5.583365] (Uvix_sim) StdoutLine: {'line': b'creating /home/chino/uvix_ws/install/Uvix_sim/share/Uvix_sim/models/aws_robomaker_hospital_curtain_half_open_01\n'}
[5.584292] (bobert_sim) StdoutLine: {'line': b'symbolically linking /home/chino/uvix_ws/build/bobert_sim/models/aws_robomaker_hospital_ramp_01/meshes/aws_robomaker_hospital_ramp_01_collision.dae -> /home/chino/uvix_ws/install/bobert_sim/share/bobert_sim/models/aws_robomaker_hospital_ramp_01/meshes\n'}
[5.584618] (Uvix_sim) StdoutLine: {'line': b'symbolically linking /home/chino/uvix_ws/build/Uvix_sim/models/aws_robomaker_hospital_curtain_half_open_01/model.config -> /home/chino/uvix_ws/install/Uvix_sim/share/Uvix_sim/models/aws_robomaker_hospital_curtain_half_open_01\n'}
[5.585721] (bobert_sim) StdoutLine: {'line': b'symbolically linking /home/chino/uvix_ws/build/bobert_sim/models/aws_robomaker_hospital_ramp_01/meshes/aws_robomaker_hospital_ramp_01_normal.png -> /home/chino/uvix_ws/install/bobert_sim/share/bobert_sim/models/aws_robomaker_hospital_ramp_01/meshes\n'}
[5.586041] (Uvix_sim) StdoutLine: {'line': b'symbolically linking /home/chino/uvix_ws/build/Uvix_sim/models/aws_robomaker_hospital_curtain_half_open_01/model.sdf -> /home/chino/uvix_ws/install/Uvix_sim/share/Uvix_sim/models/aws_robomaker_hospital_curtain_half_open_01\n'}
[5.586765] (Uvix_sim) StdoutLine: {'line': b'creating /home/chino/uvix_ws/install/Uvix_sim/share/Uvix_sim/models/aws_robomaker_hospital_curtain_half_open_01/meshes\n'}
[5.587134] (bobert_sim) StdoutLine: {'line': b'symbolically linking /home/chino/uvix_ws/build/bobert_sim/models/aws_robomaker_hospital_ramp_01/meshes/aws_robomaker_hospital_ramp_01.png -> /home/chino/uvix_ws/install/bobert_sim/share/bobert_sim/models/aws_robomaker_hospital_ramp_01/meshes\n'}
[5.588408] (Uvix_sim) StdoutLine: {'line': b'symbolically linking /home/chino/uvix_ws/build/Uvix_sim/models/aws_robomaker_hospital_curtain_half_open_01/meshes/aws_robomaker_hospital_curtain_half_open_01_visual_normal.png -> /home/chino/uvix_ws/install/Uvix_sim/share/Uvix_sim/models/aws_robomaker_hospital_curtain_half_open_01/meshes\n'}
[5.589220] (bobert_sim) StdoutLine: {'line': b'creating /home/chino/uvix_ws/install/bobert_sim/share/bobert_sim/models/aws_robomaker_hospital_elevator_01_door\n'}
[5.589959] (bobert_sim) StdoutLine: {'line': b'symbolically linking /home/chino/uvix_ws/build/bobert_sim/models/aws_robomaker_hospital_elevator_01_door/model.config -> /home/chino/uvix_ws/install/bobert_sim/share/bobert_sim/models/aws_robomaker_hospital_elevator_01_door\n'}
[5.590310] (Uvix_sim) StdoutLine: {'line': b'symbolically linking /home/chino/uvix_ws/build/Uvix_sim/models/aws_robomaker_hospital_curtain_half_open_01/meshes/aws_robomaker_hospital_curtain_half_open_01_low_normal.png -> /home/chino/uvix_ws/install/Uvix_sim/share/Uvix_sim/models/aws_robomaker_hospital_curtain_half_open_01/meshes\n'}
[5.591216] (Uvix_sim) StdoutLine: {'line': b'symbolically linking /home/chino/uvix_ws/build/Uvix_sim/models/aws_robomaker_hospital_curtain_half_open_01/meshes/aws_robomaker_hospital_curtain_half_open_01_visual.png -> /home/chino/uvix_ws/install/Uvix_sim/share/Uvix_sim/models/aws_robomaker_hospital_curtain_half_open_01/meshes\n'}
[5.591542] (bobert_sim) StdoutLine: {'line': b'symbolically linking /home/chino/uvix_ws/build/bobert_sim/models/aws_robomaker_hospital_elevator_01_door/model.sdf -> /home/chino/uvix_ws/install/bobert_sim/share/bobert_sim/models/aws_robomaker_hospital_elevator_01_door\n'}
[5.592450] (bobert_sim) StdoutLine: {'line': b'creating /home/chino/uvix_ws/install/bobert_sim/share/bobert_sim/models/aws_robomaker_hospital_elevator_01_door/meshes\n'}
[5.592680] (Uvix_sim) StdoutLine: {'line': b'symbolically linking /home/chino/uvix_ws/build/Uvix_sim/models/aws_robomaker_hospital_curtain_half_open_01/meshes/aws_robomaker_hospital_curtainrail_01_low_normal.png -> /home/chino/uvix_ws/install/Uvix_sim/share/Uvix_sim/models/aws_robomaker_hospital_curtain_half_open_01/meshes\n'}
[5.593795] (Uvix_sim) StdoutLine: {'line': b'symbolically linking /home/chino/uvix_ws/build/Uvix_sim/models/aws_robomaker_hospital_curtain_half_open_01/meshes/aws_robomaker_hospital_curtain_half_open_01_collision.dae -> /home/chino/uvix_ws/install/Uvix_sim/share/Uvix_sim/models/aws_robomaker_hospital_curtain_half_open_01/meshes\n'}
[5.594125] (bobert_sim) StdoutLine: {'line': b'symbolically linking /home/chino/uvix_ws/build/bobert_sim/models/aws_robomaker_hospital_elevator_01_door/meshes/aws_robomaker_hospital_elevator_01_low.png -> /home/chino/uvix_ws/install/bobert_sim/share/bobert_sim/models/aws_robomaker_hospital_elevator_01_door/meshes\n'}
[5.595489] (Uvix_sim) StdoutLine: {'line': b'symbolically linking /home/chino/uvix_ws/build/Uvix_sim/models/aws_robomaker_hospital_curtain_half_open_01/meshes/aws_robomaker_hospital_curtain_half_open_01_low.png -> /home/chino/uvix_ws/install/Uvix_sim/share/Uvix_sim/models/aws_robomaker_hospital_curtain_half_open_01/meshes\n'}
[5.595769] (bobert_sim) StdoutLine: {'line': b'symbolically linking /home/chino/uvix_ws/build/bobert_sim/models/aws_robomaker_hospital_elevator_01_door/meshes/aws_robomaker_hospital_elevator_01_door_visual.dae -> /home/chino/uvix_ws/install/bobert_sim/share/bobert_sim/models/aws_robomaker_hospital_elevator_01_door/meshes\n'}
[5.596263] (Uvix_sim) StdoutLine: {'line': b'symbolically linking /home/chino/uvix_ws/build/Uvix_sim/models/aws_robomaker_hospital_curtain_half_open_01/meshes/aws_robomaker_hospital_curtainrail_01_low.png -> /home/chino/uvix_ws/install/Uvix_sim/share/Uvix_sim/models/aws_robomaker_hospital_curtain_half_open_01/meshes\n'}
[5.596480] (bobert_sim) StdoutLine: {'line': b'symbolically linking /home/chino/uvix_ws/build/bobert_sim/models/aws_robomaker_hospital_elevator_01_door/meshes/aws_robomaker_hospital_elevator_01_visual.png -> /home/chino/uvix_ws/install/bobert_sim/share/bobert_sim/models/aws_robomaker_hospital_elevator_01_door/meshes\n'}
[5.597403] (Uvix_sim) StdoutLine: {'line': b'symbolically linking /home/chino/uvix_ws/build/Uvix_sim/models/aws_robomaker_hospital_curtain_half_open_01/meshes/aws_robomaker_hospital_curtain_half_open_01_visual.dae -> /home/chino/uvix_ws/install/Uvix_sim/share/Uvix_sim/models/aws_robomaker_hospital_curtain_half_open_01/meshes\n'}
[5.597828] (bobert_sim) StdoutLine: {'line': b'symbolically linking /home/chino/uvix_ws/build/bobert_sim/models/aws_robomaker_hospital_elevator_01_door/meshes/aws_robomaker_hospital_elevator_01_door_collision.dae -> /home/chino/uvix_ws/install/bobert_sim/share/bobert_sim/models/aws_robomaker_hospital_elevator_01_door/meshes\n'}
[5.598346] (bobert_sim) StdoutLine: {'line': b'symbolically linking /home/chino/uvix_ws/build/bobert_sim/models/aws_robomaker_hospital_elevator_01_door/meshes/aws_robomaker_hospital_elevator_01_low_normal.png -> /home/chino/uvix_ws/install/bobert_sim/share/bobert_sim/models/aws_robomaker_hospital_elevator_01_door/meshes\n'}
[5.598586] (Uvix_sim) StdoutLine: {'line': b'symbolically linking /home/chino/uvix_ws/build/Uvix_sim/models/aws_robomaker_hospital_curtain_half_open_01/meshes/aws_robomaker_hospital_curtainrail_01_visual.png -> /home/chino/uvix_ws/install/Uvix_sim/share/Uvix_sim/models/aws_robomaker_hospital_curtain_half_open_01/meshes\n'}
[5.599683] (bobert_sim) StdoutLine: {'line': b'symbolically linking /home/chino/uvix_ws/build/bobert_sim/models/aws_robomaker_hospital_elevator_01_door/meshes/aws_robomaker_hospital_elevator_01_door_low.dae -> /home/chino/uvix_ws/install/bobert_sim/share/bobert_sim/models/aws_robomaker_hospital_elevator_01_door/meshes\n'}
[5.599949] (Uvix_sim) StdoutLine: {'line': b'symbolically linking /home/chino/uvix_ws/build/Uvix_sim/models/aws_robomaker_hospital_curtain_half_open_01/meshes/aws_robomaker_hospital_curtainrail_01_visual_normal.png -> /home/chino/uvix_ws/install/Uvix_sim/share/Uvix_sim/models/aws_robomaker_hospital_curtain_half_open_01/meshes\n'}
[5.600632] (bobert_sim) StdoutLine: {'line': b'symbolically linking /home/chino/uvix_ws/build/bobert_sim/models/aws_robomaker_hospital_elevator_01_door/meshes/aws_robomaker_hospital_elevator_01_visual_normal.png -> /home/chino/uvix_ws/install/bobert_sim/share/bobert_sim/models/aws_robomaker_hospital_elevator_01_door/meshes\n'}
[5.601234] (Uvix_sim) StdoutLine: {'line': b'creating /home/chino/uvix_ws/install/Uvix_sim/share/Uvix_sim/models/aws_robomaker_hospital_floor_02_floor\n'}
[5.601836] (Uvix_sim) StdoutLine: {'line': b'symbolically linking /home/chino/uvix_ws/build/Uvix_sim/models/aws_robomaker_hospital_floor_02_floor/model.config -> /home/chino/uvix_ws/install/Uvix_sim/share/Uvix_sim/models/aws_robomaker_hospital_floor_02_floor\n'}
[5.602982] (Uvix_sim) StdoutLine: {'line': b'symbolically linking /home/chino/uvix_ws/build/Uvix_sim/models/aws_robomaker_hospital_floor_02_floor/model.sdf -> /home/chino/uvix_ws/install/Uvix_sim/share/Uvix_sim/models/aws_robomaker_hospital_floor_02_floor\n'}
[5.604040] (Uvix_sim) StdoutLine: {'line': b'creating /home/chino/uvix_ws/install/Uvix_sim/share/Uvix_sim/models/aws_robomaker_hospital_floor_02_floor/meshes\n'}
[5.605239] (Uvix_sim) StdoutLine: {'line': b'symbolically linking /home/chino/uvix_ws/build/Uvix_sim/models/aws_robomaker_hospital_floor_02_floor/meshes/aws_robomaker_hospital_floor_02_floor_collision.dae -> /home/chino/uvix_ws/install/Uvix_sim/share/Uvix_sim/models/aws_robomaker_hospital_floor_02_floor/meshes\n'}
[5.606583] (Uvix_sim) StdoutLine: {'line': b'symbolically linking /home/chino/uvix_ws/build/Uvix_sim/models/aws_robomaker_hospital_floor_02_floor/meshes/aws_robomaker_hospital_floor_02_floor_normal.png -> /home/chino/uvix_ws/install/Uvix_sim/share/Uvix_sim/models/aws_robomaker_hospital_floor_02_floor/meshes\n'}
[5.608121] (Uvix_sim) StdoutLine: {'line': b'symbolically linking /home/chino/uvix_ws/build/Uvix_sim/models/aws_robomaker_hospital_floor_02_floor/meshes/aws_robomaker_hospital_floor_02_floor.png -> /home/chino/uvix_ws/install/Uvix_sim/share/Uvix_sim/models/aws_robomaker_hospital_floor_02_floor/meshes\n'}
[5.609584] (Uvix_sim) StdoutLine: {'line': b'symbolically linking /home/chino/uvix_ws/build/Uvix_sim/models/aws_robomaker_hospital_floor_02_floor/meshes/aws_robomaker_hospital_floor_02_floor_visual.dae -> /home/chino/uvix_ws/install/Uvix_sim/share/Uvix_sim/models/aws_robomaker_hospital_floor_02_floor/meshes\n'}
[5.610741] (Uvix_sim) StdoutLine: {'line': b'creating /home/chino/uvix_ws/install/Uvix_sim/share/Uvix_sim/models/aws_robomaker_hospital_floor_01_walls\n'}
[5.612156] (Uvix_sim) StdoutLine: {'line': b'symbolically linking /home/chino/uvix_ws/build/Uvix_sim/models/aws_robomaker_hospital_floor_01_walls/model.config -> /home/chino/uvix_ws/install/Uvix_sim/share/Uvix_sim/models/aws_robomaker_hospital_floor_01_walls\n'}
[5.613701] (Uvix_sim) StdoutLine: {'line': b'symbolically linking /home/chino/uvix_ws/build/Uvix_sim/models/aws_robomaker_hospital_floor_01_walls/model.sdf -> /home/chino/uvix_ws/install/Uvix_sim/share/Uvix_sim/models/aws_robomaker_hospital_floor_01_walls\n'}
[5.615058] (Uvix_sim) StdoutLine: {'line': b'creating /home/chino/uvix_ws/install/Uvix_sim/share/Uvix_sim/models/aws_robomaker_hospital_floor_01_walls/meshes\n'}
[5.616402] (Uvix_sim) StdoutLine: {'line': b'symbolically linking /home/chino/uvix_ws/build/Uvix_sim/models/aws_robomaker_hospital_floor_01_walls/meshes/aws_robomaker_hospital_floor_01_doorsign.png -> /home/chino/uvix_ws/install/Uvix_sim/share/Uvix_sim/models/aws_robomaker_hospital_floor_01_walls/meshes\n'}
[5.617505] (Uvix_sim) StdoutLine: {'line': b'symbolically linking /home/chino/uvix_ws/build/Uvix_sim/models/aws_robomaker_hospital_floor_01_walls/meshes/aws_robomaker_hospital_floor_01_doorframes_small.png -> /home/chino/uvix_ws/install/Uvix_sim/share/Uvix_sim/models/aws_robomaker_hospital_floor_01_walls/meshes\n'}
[5.618858] (Uvix_sim) StdoutLine: {'line': b'symbolically linking /home/chino/uvix_ws/build/Uvix_sim/models/aws_robomaker_hospital_floor_01_walls/meshes/aws_robomaker_hospital_floor_01_handrail.png -> /home/chino/uvix_ws/install/Uvix_sim/share/Uvix_sim/models/aws_robomaker_hospital_floor_01_walls/meshes\n'}
[5.620025] (Uvix_sim) StdoutLine: {'line': b'symbolically linking /home/chino/uvix_ws/build/Uvix_sim/models/aws_robomaker_hospital_floor_01_walls/meshes/aws_robomaker_hospital_floor_01_doorframes_big.png -> /home/chino/uvix_ws/install/Uvix_sim/share/Uvix_sim/models/aws_robomaker_hospital_floor_01_walls/meshes\n'}
[5.621636] (Uvix_sim) StdoutLine: {'line': b'symbolically linking /home/chino/uvix_ws/build/Uvix_sim/models/aws_robomaker_hospital_floor_01_walls/meshes/aws_robomaker_hospital_floor_01_stairs.png -> /home/chino/uvix_ws/install/Uvix_sim/share/Uvix_sim/models/aws_robomaker_hospital_floor_01_walls/meshes\n'}
[5.623155] (Uvix_sim) StdoutLine: {'line': b'symbolically linking /home/chino/uvix_ws/build/Uvix_sim/models/aws_robomaker_hospital_floor_01_walls/meshes/aws_robomaker_hospital_floor_01_walls_visual.dae -> /home/chino/uvix_ws/install/Uvix_sim/share/Uvix_sim/models/aws_robomaker_hospital_floor_01_walls/meshes\n'}
[5.624548] (Uvix_sim) StdoutLine: {'line': b'symbolically linking /home/chino/uvix_ws/build/Uvix_sim/models/aws_robomaker_hospital_floor_01_walls/meshes/aws_robomaker_hospital_floor_01_bumprail.png -> /home/chino/uvix_ws/install/Uvix_sim/share/Uvix_sim/models/aws_robomaker_hospital_floor_01_walls/meshes\n'}
[5.625918] (Uvix_sim) StdoutLine: {'line': b'symbolically linking /home/chino/uvix_ws/build/Uvix_sim/models/aws_robomaker_hospital_floor_01_walls/meshes/aws_robomaker_hospital_floor_01_windows.png -> /home/chino/uvix_ws/install/Uvix_sim/share/Uvix_sim/models/aws_robomaker_hospital_floor_01_walls/meshes\n'}
[5.627115] (Uvix_sim) StdoutLine: {'line': b'symbolically linking /home/chino/uvix_ws/build/Uvix_sim/models/aws_robomaker_hospital_floor_01_walls/meshes/aws_robomaker_hospital_floor_01_walls_collision.dae -> /home/chino/uvix_ws/install/Uvix_sim/share/Uvix_sim/models/aws_robomaker_hospital_floor_01_walls/meshes\n'}
[5.628283] (Uvix_sim) StdoutLine: {'line': b'symbolically linking /home/chino/uvix_ws/build/Uvix_sim/models/aws_robomaker_hospital_floor_01_walls/meshes/aws_robomaker_hospital_floor_01_walls.png -> /home/chino/uvix_ws/install/Uvix_sim/share/Uvix_sim/models/aws_robomaker_hospital_floor_01_walls/meshes\n'}
[5.629653] (Uvix_sim) StdoutLine: {'line': b'creating /home/chino/uvix_ws/install/Uvix_sim/share/Uvix_sim/models/aws_robomaker_retail_BookshelfB_01\n'}
[5.630980] (Uvix_sim) StdoutLine: {'line': b'symbolically linking /home/chino/uvix_ws/build/Uvix_sim/models/aws_robomaker_retail_BookshelfB_01/model.config -> /home/chino/uvix_ws/install/Uvix_sim/share/Uvix_sim/models/aws_robomaker_retail_BookshelfB_01\n'}
[5.633217] (Uvix_sim) StdoutLine: {'line': b'symbolically linking /home/chino/uvix_ws/build/Uvix_sim/models/aws_robomaker_retail_BookshelfB_01/model.sdf -> /home/chino/uvix_ws/install/Uvix_sim/share/Uvix_sim/models/aws_robomaker_retail_BookshelfB_01\n'}
[5.634569] (Uvix_sim) StdoutLine: {'line': b'creating /home/chino/uvix_ws/install/Uvix_sim/share/Uvix_sim/models/aws_robomaker_retail_BookshelfB_01/meshes\n'}
[5.637216] (-) TimerEvent: {}
[5.638282] (Uvix_sim) StdoutLine: {'line': b'symbolically linking /home/chino/uvix_ws/build/Uvix_sim/models/aws_robomaker_retail_BookshelfB_01/meshes/aws_BookshelfB_01_collision.DAE -> /home/chino/uvix_ws/install/Uvix_sim/share/Uvix_sim/models/aws_robomaker_retail_BookshelfB_01/meshes\n'}
[5.640063] (Uvix_sim) StdoutLine: {'line': b'symbolically linking /home/chino/uvix_ws/build/Uvix_sim/models/aws_robomaker_retail_BookshelfB_01/meshes/aws_BookshelfB_01_visual.DAE -> /home/chino/uvix_ws/install/Uvix_sim/share/Uvix_sim/models/aws_robomaker_retail_BookshelfB_01/meshes\n'}
[5.641899] (Uvix_sim) StdoutLine: {'line': b'creating /home/chino/uvix_ws/install/Uvix_sim/share/Uvix_sim/models/aws_robomaker_retail_BookshelfB_01/materials\n'}
[5.643748] (Uvix_sim) StdoutLine: {'line': b'creating /home/chino/uvix_ws/install/Uvix_sim/share/Uvix_sim/models/aws_robomaker_retail_BookshelfB_01/materials/textures\n'}
[5.645082] (Uvix_sim) StdoutLine: {'line': b'symbolically linking /home/chino/uvix_ws/build/Uvix_sim/models/aws_robomaker_retail_BookshelfB_01/materials/textures/aws_BookshelfB_02.png -> /home/chino/uvix_ws/install/Uvix_sim/share/Uvix_sim/models/aws_robomaker_retail_BookshelfB_01/materials/textures\n'}
[5.646628] (Uvix_sim) StdoutLine: {'line': b'symbolically linking /home/chino/uvix_ws/build/Uvix_sim/models/aws_robomaker_retail_BookshelfB_01/materials/textures/aws_BookshelfB_01.png -> /home/chino/uvix_ws/install/Uvix_sim/share/Uvix_sim/models/aws_robomaker_retail_BookshelfB_01/materials/textures\n'}
[5.648084] (Uvix_sim) StdoutLine: {'line': b'creating /home/chino/uvix_ws/install/Uvix_sim/share/Uvix_sim/models/aws_robomaker_residential_PortraitB_01\n'}
[5.650012] (Uvix_sim) StdoutLine: {'line': b'symbolically linking /home/chino/uvix_ws/build/Uvix_sim/models/aws_robomaker_residential_PortraitB_01/model.config -> /home/chino/uvix_ws/install/Uvix_sim/share/Uvix_sim/models/aws_robomaker_residential_PortraitB_01\n'}
[5.651857] (Uvix_sim) StdoutLine: {'line': b'symbolically linking /home/chino/uvix_ws/build/Uvix_sim/models/aws_robomaker_residential_PortraitB_01/model.sdf -> /home/chino/uvix_ws/install/Uvix_sim/share/Uvix_sim/models/aws_robomaker_residential_PortraitB_01\n'}
[5.653433] (Uvix_sim) StdoutLine: {'line': b'creating /home/chino/uvix_ws/install/Uvix_sim/share/Uvix_sim/models/aws_robomaker_residential_PortraitB_01/meshes\n'}
[5.654694] (Uvix_sim) StdoutLine: {'line': b'symbolically linking /home/chino/uvix_ws/build/Uvix_sim/models/aws_robomaker_residential_PortraitB_01/meshes/aws_PortraitB_01_visual.DAE -> /home/chino/uvix_ws/install/Uvix_sim/share/Uvix_sim/models/aws_robomaker_residential_PortraitB_01/meshes\n'}
[5.656019] (Uvix_sim) StdoutLine: {'line': b'symbolically linking /home/chino/uvix_ws/build/Uvix_sim/models/aws_robomaker_residential_PortraitB_01/meshes/aws_PortraitB_01_collision.DAE -> /home/chino/uvix_ws/install/Uvix_sim/share/Uvix_sim/models/aws_robomaker_residential_PortraitB_01/meshes\n'}
[5.657107] (Uvix_sim) StdoutLine: {'line': b'creating /home/chino/uvix_ws/install/Uvix_sim/share/Uvix_sim/models/aws_robomaker_residential_PortraitB_01/materials\n'}
[5.658442] (Uvix_sim) StdoutLine: {'line': b'creating /home/chino/uvix_ws/install/Uvix_sim/share/Uvix_sim/models/aws_robomaker_residential_PortraitB_01/materials/textures\n'}
[5.659825] (Uvix_sim) StdoutLine: {'line': b'symbolically linking /home/chino/uvix_ws/build/Uvix_sim/models/aws_robomaker_residential_PortraitB_01/materials/textures/aws_PortraitB_02.png -> /home/chino/uvix_ws/install/Uvix_sim/share/Uvix_sim/models/aws_robomaker_residential_PortraitB_01/materials/textures\n'}
[5.661364] (Uvix_sim) StdoutLine: {'line': b'symbolically linking /home/chino/uvix_ws/build/Uvix_sim/models/aws_robomaker_residential_PortraitB_01/materials/textures/aws_PortraitB_01.png -> /home/chino/uvix_ws/install/Uvix_sim/share/Uvix_sim/models/aws_robomaker_residential_PortraitB_01/materials/textures\n'}
[5.662530] (Uvix_sim) StdoutLine: {'line': b'creating /home/chino/uvix_ws/install/Uvix_sim/share/Uvix_sim/models/aws_robomaker_residential_TV_02\n'}
[5.663728] (Uvix_sim) StdoutLine: {'line': b'symbolically linking /home/chino/uvix_ws/build/Uvix_sim/models/aws_robomaker_residential_TV_02/model.config -> /home/chino/uvix_ws/install/Uvix_sim/share/Uvix_sim/models/aws_robomaker_residential_TV_02\n'}
[5.664885] (Uvix_sim) StdoutLine: {'line': b'symbolically linking /home/chino/uvix_ws/build/Uvix_sim/models/aws_robomaker_residential_TV_02/model.sdf -> /home/chino/uvix_ws/install/Uvix_sim/share/Uvix_sim/models/aws_robomaker_residential_TV_02\n'}
[5.665950] (Uvix_sim) StdoutLine: {'line': b'creating /home/chino/uvix_ws/install/Uvix_sim/share/Uvix_sim/models/aws_robomaker_residential_TV_02/meshes\n'}
[5.667086] (Uvix_sim) StdoutLine: {'line': b'symbolically linking /home/chino/uvix_ws/build/Uvix_sim/models/aws_robomaker_residential_TV_02/meshes/aws_TV_01_collision.DAE -> /home/chino/uvix_ws/install/Uvix_sim/share/Uvix_sim/models/aws_robomaker_residential_TV_02/meshes\n'}
[5.668397] (Uvix_sim) StdoutLine: {'line': b'symbolically linking /home/chino/uvix_ws/build/Uvix_sim/models/aws_robomaker_residential_TV_02/meshes/aws_TV_01_visual.DAE -> /home/chino/uvix_ws/install/Uvix_sim/share/Uvix_sim/models/aws_robomaker_residential_TV_02/meshes\n'}
[5.669828] (Uvix_sim) StdoutLine: {'line': b'creating /home/chino/uvix_ws/install/Uvix_sim/share/Uvix_sim/models/aws_robomaker_residential_TV_02/materials\n'}
[5.670917] (Uvix_sim) StdoutLine: {'line': b'creating /home/chino/uvix_ws/install/Uvix_sim/share/Uvix_sim/models/aws_robomaker_residential_TV_02/materials/textures\n'}
[5.672054] (Uvix_sim) StdoutLine: {'line': b'symbolically linking /home/chino/uvix_ws/build/Uvix_sim/models/aws_robomaker_residential_TV_02/materials/textures/aws_TV_01.png -> /home/chino/uvix_ws/install/Uvix_sim/share/Uvix_sim/models/aws_robomaker_residential_TV_02/materials/textures\n'}
[5.673454] (Uvix_sim) StdoutLine: {'line': b'creating /home/chino/uvix_ws/install/Uvix_sim/share/Uvix_sim/models/aws_robomaker_residential_Refrigerator_01\n'}
[5.675423] (Uvix_sim) StdoutLine: {'line': b'symbolically linking /home/chino/uvix_ws/build/Uvix_sim/models/aws_robomaker_residential_Refrigerator_01/model.config -> /home/chino/uvix_ws/install/Uvix_sim/share/Uvix_sim/models/aws_robomaker_residential_Refrigerator_01\n'}
[5.679615] (Uvix_sim) StdoutLine: {'line': b'symbolically linking /home/chino/uvix_ws/build/Uvix_sim/models/aws_robomaker_residential_Refrigerator_01/model.sdf -> /home/chino/uvix_ws/install/Uvix_sim/share/Uvix_sim/models/aws_robomaker_residential_Refrigerator_01\n'}
[5.681961] (Uvix_sim) StdoutLine: {'line': b'creating /home/chino/uvix_ws/install/Uvix_sim/share/Uvix_sim/models/aws_robomaker_residential_Refrigerator_01/meshes\n'}
[5.684280] (bobert_sim) CommandEnded: {'returncode': 0}
[5.685844] (Uvix_sim) StdoutLine: {'line': b'symbolically linking /home/chino/uvix_ws/build/Uvix_sim/models/aws_robomaker_residential_Refrigerator_01/meshes/aws_Refrigerator_01.DAE -> /home/chino/uvix_ws/install/Uvix_sim/share/Uvix_sim/models/aws_robomaker_residential_Refrigerator_01/meshes\n'}
[5.687016] (Uvix_sim) StdoutLine: {'line': b'symbolically linking /home/chino/uvix_ws/build/Uvix_sim/models/aws_robomaker_residential_Refrigerator_01/meshes/aws_Refrigerator_01_collision.DAE -> /home/chino/uvix_ws/install/Uvix_sim/share/Uvix_sim/models/aws_robomaker_residential_Refrigerator_01/meshes\n'}
[5.687685] (Uvix_sim) StdoutLine: {'line': b'symbolically linking /home/chino/uvix_ws/build/Uvix_sim/models/aws_robomaker_residential_Refrigerator_01/meshes/aws_Refrigerator_01_visual.DAE -> /home/chino/uvix_ws/install/Uvix_sim/share/Uvix_sim/models/aws_robomaker_residential_Refrigerator_01/meshes\n'}
[5.688763] (Uvix_sim) StdoutLine: {'line': b'creating /home/chino/uvix_ws/install/Uvix_sim/share/Uvix_sim/models/aws_robomaker_residential_Refrigerator_01/materials\n'}
[5.690206] (Uvix_sim) StdoutLine: {'line': b'creating /home/chino/uvix_ws/install/Uvix_sim/share/Uvix_sim/models/aws_robomaker_residential_Refrigerator_01/materials/textures\n'}
[5.692475] (Uvix_sim) StdoutLine: {'line': b'symbolically linking /home/chino/uvix_ws/build/Uvix_sim/models/aws_robomaker_residential_Refrigerator_01/materials/textures/aws_Refrigerator_01.png -> /home/chino/uvix_ws/install/Uvix_sim/share/Uvix_sim/models/aws_robomaker_residential_Refrigerator_01/materials/textures\n'}
[5.693691] (Uvix_sim) StdoutLine: {'line': b'symbolically linking /home/chino/uvix_ws/build/Uvix_sim/models/aws_robomaker_residential_Refrigerator_01/materials/textures/aws_Refrigerator_02.png -> /home/chino/uvix_ws/install/Uvix_sim/share/Uvix_sim/models/aws_robomaker_residential_Refrigerator_01/materials/textures\n'}
[5.694922] (Uvix_sim) StdoutLine: {'line': b'creating /home/chino/uvix_ws/install/Uvix_sim/share/Uvix_sim/models/aws_robomaker_hospital_elevator_01_car\n'}
[5.696742] (Uvix_sim) StdoutLine: {'line': b'symbolically linking /home/chino/uvix_ws/build/Uvix_sim/models/aws_robomaker_hospital_elevator_01_car/model.config -> /home/chino/uvix_ws/install/Uvix_sim/share/Uvix_sim/models/aws_robomaker_hospital_elevator_01_car\n'}
[5.697559] (Uvix_sim) StdoutLine: {'line': b'symbolically linking /home/chino/uvix_ws/build/Uvix_sim/models/aws_robomaker_hospital_elevator_01_car/model.sdf -> /home/chino/uvix_ws/install/Uvix_sim/share/Uvix_sim/models/aws_robomaker_hospital_elevator_01_car\n'}
[5.698209] (Uvix_sim) StdoutLine: {'line': b'creating /home/chino/uvix_ws/install/Uvix_sim/share/Uvix_sim/models/aws_robomaker_hospital_elevator_01_car/meshes\n'}
[5.699414] (Uvix_sim) StdoutLine: {'line': b'symbolically linking /home/chino/uvix_ws/build/Uvix_sim/models/aws_robomaker_hospital_elevator_01_car/meshes/aws_robomaker_hospital_elevator_01_low.png -> /home/chino/uvix_ws/install/Uvix_sim/share/Uvix_sim/models/aws_robomaker_hospital_elevator_01_car/meshes\n'}
[5.701091] (Uvix_sim) StdoutLine: {'line': b'symbolically linking /home/chino/uvix_ws/build/Uvix_sim/models/aws_robomaker_hospital_elevator_01_car/meshes/aws_robomaker_hospital_elevator_01_car_low.dae -> /home/chino/uvix_ws/install/Uvix_sim/share/Uvix_sim/models/aws_robomaker_hospital_elevator_01_car/meshes\n'}
[5.701999] (Uvix_sim) StdoutLine: {'line': b'symbolically linking /home/chino/uvix_ws/build/Uvix_sim/models/aws_robomaker_hospital_elevator_01_car/meshes/aws_robomaker_hospital_elevator_01_visual.png -> /home/chino/uvix_ws/install/Uvix_sim/share/Uvix_sim/models/aws_robomaker_hospital_elevator_01_car/meshes\n'}
[5.703675] (Uvix_sim) StdoutLine: {'line': b'symbolically linking /home/chino/uvix_ws/build/Uvix_sim/models/aws_robomaker_hospital_elevator_01_car/meshes/aws_robomaker_hospital_elevator_01_car_collision.dae -> /home/chino/uvix_ws/install/Uvix_sim/share/Uvix_sim/models/aws_robomaker_hospital_elevator_01_car/meshes\n'}
[5.705043] (Uvix_sim) StdoutLine: {'line': b'symbolically linking /home/chino/uvix_ws/build/Uvix_sim/models/aws_robomaker_hospital_elevator_01_car/meshes/aws_robomaker_hospital_elevator_01_low_normal.png -> /home/chino/uvix_ws/install/Uvix_sim/share/Uvix_sim/models/aws_robomaker_hospital_elevator_01_car/meshes\n'}
[5.707231] (Uvix_sim) StdoutLine: {'line': b'symbolically linking /home/chino/uvix_ws/build/Uvix_sim/models/aws_robomaker_hospital_elevator_01_car/meshes/aws_robomaker_hospital_elevator_01_visual_normal.png -> /home/chino/uvix_ws/install/Uvix_sim/share/Uvix_sim/models/aws_robomaker_hospital_elevator_01_car/meshes\n'}
[5.708650] (Uvix_sim) StdoutLine: {'line': b'symbolically linking /home/chino/uvix_ws/build/Uvix_sim/models/aws_robomaker_hospital_elevator_01_car/meshes/aws_robomaker_hospital_elevator_01_car_visual.dae -> /home/chino/uvix_ws/install/Uvix_sim/share/Uvix_sim/models/aws_robomaker_hospital_elevator_01_car/meshes\n'}
[5.709612] (Uvix_sim) StdoutLine: {'line': b'creating /home/chino/uvix_ws/install/Uvix_sim/share/Uvix_sim/models/aws_robomaker_residential_PortraitB_03\n'}
[5.710276] (Uvix_sim) StdoutLine: {'line': b'symbolically linking /home/chino/uvix_ws/build/Uvix_sim/models/aws_robomaker_residential_PortraitB_03/model.config -> /home/chino/uvix_ws/install/Uvix_sim/share/Uvix_sim/models/aws_robomaker_residential_PortraitB_03\n'}
[5.710733] (Uvix_sim) StdoutLine: {'line': b'symbolically linking /home/chino/uvix_ws/build/Uvix_sim/models/aws_robomaker_residential_PortraitB_03/model.sdf -> /home/chino/uvix_ws/install/Uvix_sim/share/Uvix_sim/models/aws_robomaker_residential_PortraitB_03\n'}
[5.711758] (Uvix_sim) StdoutLine: {'line': b'creating /home/chino/uvix_ws/install/Uvix_sim/share/Uvix_sim/models/aws_robomaker_residential_PortraitB_03/meshes\n'}
[5.712604] (Uvix_sim) StdoutLine: {'line': b'symbolically linking /home/chino/uvix_ws/build/Uvix_sim/models/aws_robomaker_residential_PortraitB_03/meshes/aws_PortraitB_01_visual.DAE -> /home/chino/uvix_ws/install/Uvix_sim/share/Uvix_sim/models/aws_robomaker_residential_PortraitB_03/meshes\n'}
[5.713535] (Uvix_sim) StdoutLine: {'line': b'symbolically linking /home/chino/uvix_ws/build/Uvix_sim/models/aws_robomaker_residential_PortraitB_03/meshes/aws_PortraitB_01_collision.DAE -> /home/chino/uvix_ws/install/Uvix_sim/share/Uvix_sim/models/aws_robomaker_residential_PortraitB_03/meshes\n'}
[5.714999] (Uvix_sim) StdoutLine: {'line': b'creating /home/chino/uvix_ws/install/Uvix_sim/share/Uvix_sim/models/aws_robomaker_residential_PortraitB_03/materials\n'}
[5.716034] (Uvix_sim) StdoutLine: {'line': b'creating /home/chino/uvix_ws/install/Uvix_sim/share/Uvix_sim/models/aws_robomaker_residential_PortraitB_03/materials/textures\n'}
[5.717213] (Uvix_sim) StdoutLine: {'line': b'symbolically linking /home/chino/uvix_ws/build/Uvix_sim/models/aws_robomaker_residential_PortraitB_03/materials/textures/aws_PortraitB_02.png -> /home/chino/uvix_ws/install/Uvix_sim/share/Uvix_sim/models/aws_robomaker_residential_PortraitB_03/materials/textures\n'}
[5.718106] (Uvix_sim) StdoutLine: {'line': b'symbolically linking /home/chino/uvix_ws/build/Uvix_sim/models/aws_robomaker_residential_PortraitB_03/materials/textures/aws_PortraitB_01.png -> /home/chino/uvix_ws/install/Uvix_sim/share/Uvix_sim/models/aws_robomaker_residential_PortraitB_03/materials/textures\n'}
[5.720445] (Uvix_sim) StdoutLine: {'line': b'creating /home/chino/uvix_ws/install/Uvix_sim/share/Uvix_sim/models/aws_robomaker_hospital_curtain_closed_01\n'}
[5.722035] (Uvix_sim) StdoutLine: {'line': b'symbolically linking /home/chino/uvix_ws/build/Uvix_sim/models/aws_robomaker_hospital_curtain_closed_01/model.config -> /home/chino/uvix_ws/install/Uvix_sim/share/Uvix_sim/models/aws_robomaker_hospital_curtain_closed_01\n'}
[5.723814] (Uvix_sim) StdoutLine: {'line': b'symbolically linking /home/chino/uvix_ws/build/Uvix_sim/models/aws_robomaker_hospital_curtain_closed_01/model.sdf -> /home/chino/uvix_ws/install/Uvix_sim/share/Uvix_sim/models/aws_robomaker_hospital_curtain_closed_01\n'}
[5.726378] (Uvix_sim) StdoutLine: {'line': b'creating /home/chino/uvix_ws/install/Uvix_sim/share/Uvix_sim/models/aws_robomaker_hospital_curtain_closed_01/meshes\n'}
[5.727588] (Uvix_sim) StdoutLine: {'line': b'symbolically linking /home/chino/uvix_ws/build/Uvix_sim/models/aws_robomaker_hospital_curtain_closed_01/meshes/aws_robomaker_hospital_curtain_closed_01_visual.png -> /home/chino/uvix_ws/install/Uvix_sim/share/Uvix_sim/models/aws_robomaker_hospital_curtain_closed_01/meshes\n'}
[5.728717] (Uvix_sim) StdoutLine: {'line': b'symbolically linking /home/chino/uvix_ws/build/Uvix_sim/models/aws_robomaker_hospital_curtain_closed_01/meshes/aws_robomaker_hospital_curtainrail_01_low_normal.png -> /home/chino/uvix_ws/install/Uvix_sim/share/Uvix_sim/models/aws_robomaker_hospital_curtain_closed_01/meshes\n'}
[5.730382] (Uvix_sim) StdoutLine: {'line': b'symbolically linking /home/chino/uvix_ws/build/Uvix_sim/models/aws_robomaker_hospital_curtain_closed_01/meshes/aws_robomaker_hospital_curtain_closed_01_low.png -> /home/chino/uvix_ws/install/Uvix_sim/share/Uvix_sim/models/aws_robomaker_hospital_curtain_closed_01/meshes\n'}
[5.732260] (Uvix_sim) StdoutLine: {'line': b'symbolically linking /home/chino/uvix_ws/build/Uvix_sim/models/aws_robomaker_hospital_curtain_closed_01/meshes/aws_robomaker_hospital_curtain_closed_01_low_normal.png -> /home/chino/uvix_ws/install/Uvix_sim/share/Uvix_sim/models/aws_robomaker_hospital_curtain_closed_01/meshes\n'}
[5.733856] (Uvix_sim) StdoutLine: {'line': b'symbolically linking /home/chino/uvix_ws/build/Uvix_sim/models/aws_robomaker_hospital_curtain_closed_01/meshes/aws_robomaker_hospital_curtain_closed_01_visual_normal.png -> /home/chino/uvix_ws/install/Uvix_sim/share/Uvix_sim/models/aws_robomaker_hospital_curtain_closed_01/meshes\n'}
[5.735731] (Uvix_sim) StdoutLine: {'line': b'symbolically linking /home/chino/uvix_ws/build/Uvix_sim/models/aws_robomaker_hospital_curtain_closed_01/meshes/aws_robomaker_hospital_curtain_closed_01_collision.dae -> /home/chino/uvix_ws/install/Uvix_sim/share/Uvix_sim/models/aws_robomaker_hospital_curtain_closed_01/meshes\n'}
[5.736741] (Uvix_sim) StdoutLine: {'line': b'symbolically linking /home/chino/uvix_ws/build/Uvix_sim/models/aws_robomaker_hospital_curtain_closed_01/meshes/aws_robomaker_hospital_curtainrail_01_low.png -> /home/chino/uvix_ws/install/Uvix_sim/share/Uvix_sim/models/aws_robomaker_hospital_curtain_closed_01/meshes\n'}
[5.737565] (-) TimerEvent: {}
[5.738064] (Uvix_sim) StdoutLine: {'line': b'symbolically linking /home/chino/uvix_ws/build/Uvix_sim/models/aws_robomaker_hospital_curtain_closed_01/meshes/aws_robomaker_hospital_curtainrail_01_visual.png -> /home/chino/uvix_ws/install/Uvix_sim/share/Uvix_sim/models/aws_robomaker_hospital_curtain_closed_01/meshes\n'}
[5.739058] (Uvix_sim) StdoutLine: {'line': b'symbolically linking /home/chino/uvix_ws/build/Uvix_sim/models/aws_robomaker_hospital_curtain_closed_01/meshes/aws_robomaker_hospital_curtain_closed_01_visual.dae -> /home/chino/uvix_ws/install/Uvix_sim/share/Uvix_sim/models/aws_robomaker_hospital_curtain_closed_01/meshes\n'}
[5.741227] (Uvix_sim) StdoutLine: {'line': b'symbolically linking /home/chino/uvix_ws/build/Uvix_sim/models/aws_robomaker_hospital_curtain_closed_01/meshes/aws_robomaker_hospital_curtainrail_01_visual_normal.png -> /home/chino/uvix_ws/install/Uvix_sim/share/Uvix_sim/models/aws_robomaker_hospital_curtain_closed_01/meshes\n'}
[5.742088] (Uvix_sim) StdoutLine: {'line': b'creating /home/chino/uvix_ws/install/Uvix_sim/share/Uvix_sim/models/aws_robomaker_residential_PortraitD_02\n'}
[5.743260] (Uvix_sim) StdoutLine: {'line': b'symbolically linking /home/chino/uvix_ws/build/Uvix_sim/models/aws_robomaker_residential_PortraitD_02/model.config -> /home/chino/uvix_ws/install/Uvix_sim/share/Uvix_sim/models/aws_robomaker_residential_PortraitD_02\n'}
[5.743931] (Uvix_sim) StdoutLine: {'line': b'symbolically linking /home/chino/uvix_ws/build/Uvix_sim/models/aws_robomaker_residential_PortraitD_02/model.sdf -> /home/chino/uvix_ws/install/Uvix_sim/share/Uvix_sim/models/aws_robomaker_residential_PortraitD_02\n'}
[5.745287] (Uvix_sim) StdoutLine: {'line': b'creating /home/chino/uvix_ws/install/Uvix_sim/share/Uvix_sim/models/aws_robomaker_residential_PortraitD_02/meshes\n'}
[5.747076] (Uvix_sim) StdoutLine: {'line': b'symbolically linking /home/chino/uvix_ws/build/Uvix_sim/models/aws_robomaker_residential_PortraitD_02/meshes/aws_PortraitD_01_visual.DAE -> /home/chino/uvix_ws/install/Uvix_sim/share/Uvix_sim/models/aws_robomaker_residential_PortraitD_02/meshes\n'}
[5.747969] (Uvix_sim) StdoutLine: {'line': b'symbolically linking /home/chino/uvix_ws/build/Uvix_sim/models/aws_robomaker_residential_PortraitD_02/meshes/aws_PortraitD_01_collision.DAE -> /home/chino/uvix_ws/install/Uvix_sim/share/Uvix_sim/models/aws_robomaker_residential_PortraitD_02/meshes\n'}
[5.748851] (Uvix_sim) StdoutLine: {'line': b'creating /home/chino/uvix_ws/install/Uvix_sim/share/Uvix_sim/models/aws_robomaker_residential_PortraitD_02/materials\n'}
[5.749457] (Uvix_sim) StdoutLine: {'line': b'creating /home/chino/uvix_ws/install/Uvix_sim/share/Uvix_sim/models/aws_robomaker_residential_PortraitD_02/materials/textures\n'}
[5.750012] (Uvix_sim) StdoutLine: {'line': b'symbolically linking /home/chino/uvix_ws/build/Uvix_sim/models/aws_robomaker_residential_PortraitD_02/materials/textures/aws_PortraitD_02.png -> /home/chino/uvix_ws/install/Uvix_sim/share/Uvix_sim/models/aws_robomaker_residential_PortraitD_02/materials/textures\n'}
[5.751123] (Uvix_sim) StdoutLine: {'line': b'symbolically linking /home/chino/uvix_ws/build/Uvix_sim/models/aws_robomaker_residential_PortraitD_02/materials/textures/aws_PortraitD_01.png -> /home/chino/uvix_ws/install/Uvix_sim/share/Uvix_sim/models/aws_robomaker_residential_PortraitD_02/materials/textures\n'}
[5.751982] (Uvix_sim) StdoutLine: {'line': b'creating /home/chino/uvix_ws/install/Uvix_sim/share/Uvix_sim/models/aws_robomaker_residential_Carpet_01\n'}
[5.754009] (Uvix_sim) StdoutLine: {'line': b'symbolically linking /home/chino/uvix_ws/build/Uvix_sim/models/aws_robomaker_residential_Carpet_01/model.config -> /home/chino/uvix_ws/install/Uvix_sim/share/Uvix_sim/models/aws_robomaker_residential_Carpet_01\n'}
[5.755895] (Uvix_sim) StdoutLine: {'line': b'symbolically linking /home/chino/uvix_ws/build/Uvix_sim/models/aws_robomaker_residential_Carpet_01/model.sdf -> /home/chino/uvix_ws/install/Uvix_sim/share/Uvix_sim/models/aws_robomaker_residential_Carpet_01\n'}
[5.756669] (Uvix_sim) StdoutLine: {'line': b'creating /home/chino/uvix_ws/install/Uvix_sim/share/Uvix_sim/models/aws_robomaker_residential_Carpet_01/meshes\n'}
[5.757652] (Uvix_sim) StdoutLine: {'line': b'symbolically linking /home/chino/uvix_ws/build/Uvix_sim/models/aws_robomaker_residential_Carpet_01/meshes/aws_Carpet_01_collision.DAE -> /home/chino/uvix_ws/install/Uvix_sim/share/Uvix_sim/models/aws_robomaker_residential_Carpet_01/meshes\n'}
[5.758624] (Uvix_sim) StdoutLine: {'line': b'symbolically linking /home/chino/uvix_ws/build/Uvix_sim/models/aws_robomaker_residential_Carpet_01/meshes/aws_Carpet_01_visual.DAE -> /home/chino/uvix_ws/install/Uvix_sim/share/Uvix_sim/models/aws_robomaker_residential_Carpet_01/meshes\n'}
[5.759206] (Uvix_sim) StdoutLine: {'line': b'creating /home/chino/uvix_ws/install/Uvix_sim/share/Uvix_sim/models/aws_robomaker_residential_Carpet_01/materials\n'}
[5.759860] (Uvix_sim) StdoutLine: {'line': b'creating /home/chino/uvix_ws/install/Uvix_sim/share/Uvix_sim/models/aws_robomaker_residential_Carpet_01/materials/textures\n'}
[5.760680] (Uvix_sim) StdoutLine: {'line': b'symbolically linking /home/chino/uvix_ws/build/Uvix_sim/models/aws_robomaker_residential_Carpet_01/materials/textures/aws_Carpet_01.png -> /home/chino/uvix_ws/install/Uvix_sim/share/Uvix_sim/models/aws_robomaker_residential_Carpet_01/materials/textures\n'}
[5.761601] (Uvix_sim) StdoutLine: {'line': b'creating /home/chino/uvix_ws/install/Uvix_sim/share/Uvix_sim/models/aws_robomaker_residential_PortraitD_01\n'}
[5.762118] (Uvix_sim) StdoutLine: {'line': b'symbolically linking /home/chino/uvix_ws/build/Uvix_sim/models/aws_robomaker_residential_PortraitD_01/model.config -> /home/chino/uvix_ws/install/Uvix_sim/share/Uvix_sim/models/aws_robomaker_residential_PortraitD_01\n'}
[5.763187] (Uvix_sim) StdoutLine: {'line': b'symbolically linking /home/chino/uvix_ws/build/Uvix_sim/models/aws_robomaker_residential_PortraitD_01/model.sdf -> /home/chino/uvix_ws/install/Uvix_sim/share/Uvix_sim/models/aws_robomaker_residential_PortraitD_01\n'}
[5.764411] (Uvix_sim) StdoutLine: {'line': b'creating /home/chino/uvix_ws/install/Uvix_sim/share/Uvix_sim/models/aws_robomaker_residential_PortraitD_01/meshes\n'}
[5.765066] (Uvix_sim) StdoutLine: {'line': b'symbolically linking /home/chino/uvix_ws/build/Uvix_sim/models/aws_robomaker_residential_PortraitD_01/meshes/aws_PortraitD_01_visual.DAE -> /home/chino/uvix_ws/install/Uvix_sim/share/Uvix_sim/models/aws_robomaker_residential_PortraitD_01/meshes\n'}
[5.765586] (Uvix_sim) StdoutLine: {'line': b'symbolically linking /home/chino/uvix_ws/build/Uvix_sim/models/aws_robomaker_residential_PortraitD_01/meshes/aws_PortraitD_01_collision.DAE -> /home/chino/uvix_ws/install/Uvix_sim/share/Uvix_sim/models/aws_robomaker_residential_PortraitD_01/meshes\n'}
[5.766245] (Uvix_sim) StdoutLine: {'line': b'creating /home/chino/uvix_ws/install/Uvix_sim/share/Uvix_sim/models/aws_robomaker_residential_PortraitD_01/materials\n'}
[5.766682] (Uvix_sim) StdoutLine: {'line': b'creating /home/chino/uvix_ws/install/Uvix_sim/share/Uvix_sim/models/aws_robomaker_residential_PortraitD_01/materials/textures\n'}
[5.767639] (Uvix_sim) StdoutLine: {'line': b'symbolically linking /home/chino/uvix_ws/build/Uvix_sim/models/aws_robomaker_residential_PortraitD_01/materials/textures/aws_PortraitD_02.png -> /home/chino/uvix_ws/install/Uvix_sim/share/Uvix_sim/models/aws_robomaker_residential_PortraitD_01/materials/textures\n'}
[5.768602] (Uvix_sim) StdoutLine: {'line': b'symbolically linking /home/chino/uvix_ws/build/Uvix_sim/models/aws_robomaker_residential_PortraitD_01/materials/textures/aws_PortraitD_01.png -> /home/chino/uvix_ws/install/Uvix_sim/share/Uvix_sim/models/aws_robomaker_residential_PortraitD_01/materials/textures\n'}
[5.769888] (Uvix_sim) StdoutLine: {'line': b'creating /home/chino/uvix_ws/install/Uvix_sim/share/Uvix_sim/models/aws_robomaker_residential_Trash_01\n'}
[5.771883] (Uvix_sim) StdoutLine: {'line': b'symbolically linking /home/chino/uvix_ws/build/Uvix_sim/models/aws_robomaker_residential_Trash_01/model.config -> /home/chino/uvix_ws/install/Uvix_sim/share/Uvix_sim/models/aws_robomaker_residential_Trash_01\n'}
[5.773656] (Uvix_sim) StdoutLine: {'line': b'symbolically linking /home/chino/uvix_ws/build/Uvix_sim/models/aws_robomaker_residential_Trash_01/model.sdf -> /home/chino/uvix_ws/install/Uvix_sim/share/Uvix_sim/models/aws_robomaker_residential_Trash_01\n'}
[5.774337] (Uvix_sim) StdoutLine: {'line': b'creating /home/chino/uvix_ws/install/Uvix_sim/share/Uvix_sim/models/aws_robomaker_residential_Trash_01/meshes\n'}
[5.775433] (Uvix_sim) StdoutLine: {'line': b'symbolically linking /home/chino/uvix_ws/build/Uvix_sim/models/aws_robomaker_residential_Trash_01/meshes/aws_Trash_01_collision.DAE -> /home/chino/uvix_ws/install/Uvix_sim/share/Uvix_sim/models/aws_robomaker_residential_Trash_01/meshes\n'}
[5.778326] (Uvix_sim) StdoutLine: {'line': b'symbolically linking /home/chino/uvix_ws/build/Uvix_sim/models/aws_robomaker_residential_Trash_01/meshes/aws_Trash_01_visual.DAE -> /home/chino/uvix_ws/install/Uvix_sim/share/Uvix_sim/models/aws_robomaker_residential_Trash_01/meshes\n'}
[5.779227] (Uvix_sim) StdoutLine: {'line': b'creating /home/chino/uvix_ws/install/Uvix_sim/share/Uvix_sim/models/aws_robomaker_residential_Trash_01/materials\n'}
[5.779837] (Uvix_sim) StdoutLine: {'line': b'creating /home/chino/uvix_ws/install/Uvix_sim/share/Uvix_sim/models/aws_robomaker_residential_Trash_01/materials/textures\n'}
[5.780564] (Uvix_sim) StdoutLine: {'line': b'symbolically linking /home/chino/uvix_ws/build/Uvix_sim/models/aws_robomaker_residential_Trash_01/materials/textures/aws_Trash_01.png -> /home/chino/uvix_ws/install/Uvix_sim/share/Uvix_sim/models/aws_robomaker_residential_Trash_01/materials/textures\n'}
[5.783290] (Uvix_sim) StdoutLine: {'line': b'creating /home/chino/uvix_ws/install/Uvix_sim/share/Uvix_sim/models/aws_robomaker_residential_PortraitA_01\n'}
[5.784845] (Uvix_sim) StdoutLine: {'line': b'symbolically linking /home/chino/uvix_ws/build/Uvix_sim/models/aws_robomaker_residential_PortraitA_01/model.config -> /home/chino/uvix_ws/install/Uvix_sim/share/Uvix_sim/models/aws_robomaker_residential_PortraitA_01\n'}
[5.785787] (Uvix_sim) StdoutLine: {'line': b'symbolically linking /home/chino/uvix_ws/build/Uvix_sim/models/aws_robomaker_residential_PortraitA_01/model.sdf -> /home/chino/uvix_ws/install/Uvix_sim/share/Uvix_sim/models/aws_robomaker_residential_PortraitA_01\n'}
[5.787085] (Uvix_sim) StdoutLine: {'line': b'creating /home/chino/uvix_ws/install/Uvix_sim/share/Uvix_sim/models/aws_robomaker_residential_PortraitA_01/meshes\n'}
[5.791002] (Uvix_sim) StdoutLine: {'line': b'symbolically linking /home/chino/uvix_ws/build/Uvix_sim/models/aws_robomaker_residential_PortraitA_01/meshes/aws_PortraitA_01_collision.DAE -> /home/chino/uvix_ws/install/Uvix_sim/share/Uvix_sim/models/aws_robomaker_residential_PortraitA_01/meshes\n'}
[5.792192] (Uvix_sim) StdoutLine: {'line': b'symbolically linking /home/chino/uvix_ws/build/Uvix_sim/models/aws_robomaker_residential_PortraitA_01/meshes/aws_PortraitA_01_visual.DAE -> /home/chino/uvix_ws/install/Uvix_sim/share/Uvix_sim/models/aws_robomaker_residential_PortraitA_01/meshes\n'}
[5.794005] (Uvix_sim) StdoutLine: {'line': b'creating /home/chino/uvix_ws/install/Uvix_sim/share/Uvix_sim/models/aws_robomaker_residential_PortraitA_01/materials\n'}
[5.794648] (Uvix_sim) StdoutLine: {'line': b'creating /home/chino/uvix_ws/install/Uvix_sim/share/Uvix_sim/models/aws_robomaker_residential_PortraitA_01/materials/textures\n'}
[5.795287] (Uvix_sim) StdoutLine: {'line': b'symbolically linking /home/chino/uvix_ws/build/Uvix_sim/models/aws_robomaker_residential_PortraitA_01/materials/textures/aws_PortraitA_02.png -> /home/chino/uvix_ws/install/Uvix_sim/share/Uvix_sim/models/aws_robomaker_residential_PortraitA_01/materials/textures\n'}
[5.795929] (Uvix_sim) StdoutLine: {'line': b'symbolically linking /home/chino/uvix_ws/build/Uvix_sim/models/aws_robomaker_residential_PortraitA_01/materials/textures/aws_PortraitA_01.png -> /home/chino/uvix_ws/install/Uvix_sim/share/Uvix_sim/models/aws_robomaker_residential_PortraitA_01/materials/textures\n'}
[5.796635] (Uvix_sim) StdoutLine: {'line': b'creating /home/chino/uvix_ws/install/Uvix_sim/share/Uvix_sim/models/aws_robomaker_hospital_floor_01_ceiling\n'}
[5.798786] (Uvix_sim) StdoutLine: {'line': b'symbolically linking /home/chino/uvix_ws/build/Uvix_sim/models/aws_robomaker_hospital_floor_01_ceiling/model.config -> /home/chino/uvix_ws/install/Uvix_sim/share/Uvix_sim/models/aws_robomaker_hospital_floor_01_ceiling\n'}
[5.799865] (Uvix_sim) StdoutLine: {'line': b'symbolically linking /home/chino/uvix_ws/build/Uvix_sim/models/aws_robomaker_hospital_floor_01_ceiling/model.sdf -> /home/chino/uvix_ws/install/Uvix_sim/share/Uvix_sim/models/aws_robomaker_hospital_floor_01_ceiling\n'}
[5.800715] (Uvix_sim) StdoutLine: {'line': b'creating /home/chino/uvix_ws/install/Uvix_sim/share/Uvix_sim/models/aws_robomaker_hospital_floor_01_ceiling/meshes\n'}
[5.802567] (Uvix_sim) StdoutLine: {'line': b'symbolically linking /home/chino/uvix_ws/build/Uvix_sim/models/aws_robomaker_hospital_floor_01_ceiling/meshes/aws_robomaker_hospital_floor_01_ceiling.png -> /home/chino/uvix_ws/install/Uvix_sim/share/Uvix_sim/models/aws_robomaker_hospital_floor_01_ceiling/meshes\n'}
[5.806384] (Uvix_sim) StdoutLine: {'line': b'symbolically linking /home/chino/uvix_ws/build/Uvix_sim/models/aws_robomaker_hospital_floor_01_ceiling/meshes/aws_robomaker_hospital_floor_01_ceiling_normal.png -> /home/chino/uvix_ws/install/Uvix_sim/share/Uvix_sim/models/aws_robomaker_hospital_floor_01_ceiling/meshes\n'}
[5.808575] (Uvix_sim) StdoutLine: {'line': b'symbolically linking /home/chino/uvix_ws/build/Uvix_sim/models/aws_robomaker_hospital_floor_01_ceiling/meshes/aws_robomaker_hospital_floor_01_ceiling_collision.dae -> /home/chino/uvix_ws/install/Uvix_sim/share/Uvix_sim/models/aws_robomaker_hospital_floor_01_ceiling/meshes\n'}
[5.809167] (Uvix_sim) StdoutLine: {'line': b'symbolically linking /home/chino/uvix_ws/build/Uvix_sim/models/aws_robomaker_hospital_floor_01_ceiling/meshes/aws_robomaker_hospital_floor_01_ceiling_visual.dae -> /home/chino/uvix_ws/install/Uvix_sim/share/Uvix_sim/models/aws_robomaker_hospital_floor_01_ceiling/meshes\n'}
[5.809698] (Uvix_sim) StdoutLine: {'line': b'creating /home/chino/uvix_ws/install/Uvix_sim/share/Uvix_sim/models/aws_robomaker_residential_PortraitE_01\n'}
[5.810274] (Uvix_sim) StdoutLine: {'line': b'symbolically linking /home/chino/uvix_ws/build/Uvix_sim/models/aws_robomaker_residential_PortraitE_01/model.config -> /home/chino/uvix_ws/install/Uvix_sim/share/Uvix_sim/models/aws_robomaker_residential_PortraitE_01\n'}
[5.811150] (Uvix_sim) StdoutLine: {'line': b'symbolically linking /home/chino/uvix_ws/build/Uvix_sim/models/aws_robomaker_residential_PortraitE_01/model.sdf -> /home/chino/uvix_ws/install/Uvix_sim/share/Uvix_sim/models/aws_robomaker_residential_PortraitE_01\n'}
[5.811864] (Uvix_sim) StdoutLine: {'line': b'creating /home/chino/uvix_ws/install/Uvix_sim/share/Uvix_sim/models/aws_robomaker_residential_PortraitE_01/meshes\n'}
[5.813241] (Uvix_sim) StdoutLine: {'line': b'symbolically linking /home/chino/uvix_ws/build/Uvix_sim/models/aws_robomaker_residential_PortraitE_01/meshes/aws_PortraitE_01_collision.DAE -> /home/chino/uvix_ws/install/Uvix_sim/share/Uvix_sim/models/aws_robomaker_residential_PortraitE_01/meshes\n'}
[5.814216] (Uvix_sim) StdoutLine: {'line': b'symbolically linking /home/chino/uvix_ws/build/Uvix_sim/models/aws_robomaker_residential_PortraitE_01/meshes/aws_PortraitE_01_visual.DAE -> /home/chino/uvix_ws/install/Uvix_sim/share/Uvix_sim/models/aws_robomaker_residential_PortraitE_01/meshes\n'}
[5.815759] (Uvix_sim) StdoutLine: {'line': b'creating /home/chino/uvix_ws/install/Uvix_sim/share/Uvix_sim/models/aws_robomaker_residential_PortraitE_01/materials\n'}
[5.817631] (Uvix_sim) StdoutLine: {'line': b'creating /home/chino/uvix_ws/install/Uvix_sim/share/Uvix_sim/models/aws_robomaker_residential_PortraitE_01/materials/textures\n'}
[5.819939] (Uvix_sim) StdoutLine: {'line': b'symbolically linking /home/chino/uvix_ws/build/Uvix_sim/models/aws_robomaker_residential_PortraitE_01/materials/textures/aws_PortraitE_01.png -> /home/chino/uvix_ws/install/Uvix_sim/share/Uvix_sim/models/aws_robomaker_residential_PortraitE_01/materials/textures\n'}
[5.820812] (Uvix_sim) StdoutLine: {'line': b'symbolically linking /home/chino/uvix_ws/build/Uvix_sim/models/aws_robomaker_residential_PortraitE_01/materials/textures/aws_PortraitE_02.png -> /home/chino/uvix_ws/install/Uvix_sim/share/Uvix_sim/models/aws_robomaker_residential_PortraitE_01/materials/textures\n'}
[5.821368] (Uvix_sim) StdoutLine: {'line': b'creating /home/chino/uvix_ws/install/Uvix_sim/share/Uvix_sim/models/aws_robomaker_residential_PortraitA_02\n'}
[5.822688] (Uvix_sim) StdoutLine: {'line': b'symbolically linking /home/chino/uvix_ws/build/Uvix_sim/models/aws_robomaker_residential_PortraitA_02/model.config -> /home/chino/uvix_ws/install/Uvix_sim/share/Uvix_sim/models/aws_robomaker_residential_PortraitA_02\n'}
[5.825068] (Uvix_sim) StdoutLine: {'line': b'symbolically linking /home/chino/uvix_ws/build/Uvix_sim/models/aws_robomaker_residential_PortraitA_02/model.sdf -> /home/chino/uvix_ws/install/Uvix_sim/share/Uvix_sim/models/aws_robomaker_residential_PortraitA_02\n'}
[5.826407] (Uvix_sim) StdoutLine: {'line': b'creating /home/chino/uvix_ws/install/Uvix_sim/share/Uvix_sim/models/aws_robomaker_residential_PortraitA_02/meshes\n'}
[5.827546] (Uvix_sim) StdoutLine: {'line': b'symbolically linking /home/chino/uvix_ws/build/Uvix_sim/models/aws_robomaker_residential_PortraitA_02/meshes/aws_PortraitA_01_collision.DAE -> /home/chino/uvix_ws/install/Uvix_sim/share/Uvix_sim/models/aws_robomaker_residential_PortraitA_02/meshes\n'}
[5.829424] (Uvix_sim) StdoutLine: {'line': b'symbolically linking /home/chino/uvix_ws/build/Uvix_sim/models/aws_robomaker_residential_PortraitA_02/meshes/aws_PortraitA_01_visual.DAE -> /home/chino/uvix_ws/install/Uvix_sim/share/Uvix_sim/models/aws_robomaker_residential_PortraitA_02/meshes\n'}
[5.831156] (Uvix_sim) StdoutLine: {'line': b'creating /home/chino/uvix_ws/install/Uvix_sim/share/Uvix_sim/models/aws_robomaker_residential_PortraitA_02/materials\n'}
[5.831762] (Uvix_sim) StdoutLine: {'line': b'creating /home/chino/uvix_ws/install/Uvix_sim/share/Uvix_sim/models/aws_robomaker_residential_PortraitA_02/materials/textures\n'}
[5.833293] (Uvix_sim) StdoutLine: {'line': b'symbolically linking /home/chino/uvix_ws/build/Uvix_sim/models/aws_robomaker_residential_PortraitA_02/materials/textures/aws_PortraitA_02.png -> /home/chino/uvix_ws/install/Uvix_sim/share/Uvix_sim/models/aws_robomaker_residential_PortraitA_02/materials/textures\n'}
[5.838716] (-) TimerEvent: {}
[5.839549] (Uvix_sim) StdoutLine: {'line': b'symbolically linking /home/chino/uvix_ws/build/Uvix_sim/models/aws_robomaker_residential_PortraitA_02/materials/textures/aws_PortraitA_01.png -> /home/chino/uvix_ws/install/Uvix_sim/share/Uvix_sim/models/aws_robomaker_residential_PortraitA_02/materials/textures\n'}
[5.840947] (Uvix_sim) StdoutLine: {'line': b'creating /home/chino/uvix_ws/install/Uvix_sim/share/Uvix_sim/models/aws_robomaker_residential_PortraitE_02\n'}
[5.842004] (Uvix_sim) StdoutLine: {'line': b'symbolically linking /home/chino/uvix_ws/build/Uvix_sim/models/aws_robomaker_residential_PortraitE_02/model.config -> /home/chino/uvix_ws/install/Uvix_sim/share/Uvix_sim/models/aws_robomaker_residential_PortraitE_02\n'}
[5.844294] (Uvix_sim) StdoutLine: {'line': b'symbolically linking /home/chino/uvix_ws/build/Uvix_sim/models/aws_robomaker_residential_PortraitE_02/model.sdf -> /home/chino/uvix_ws/install/Uvix_sim/share/Uvix_sim/models/aws_robomaker_residential_PortraitE_02\n'}
[5.845247] (Uvix_sim) StdoutLine: {'line': b'creating /home/chino/uvix_ws/install/Uvix_sim/share/Uvix_sim/models/aws_robomaker_residential_PortraitE_02/meshes\n'}
[5.846542] (Uvix_sim) StdoutLine: {'line': b'symbolically linking /home/chino/uvix_ws/build/Uvix_sim/models/aws_robomaker_residential_PortraitE_02/meshes/aws_PortraitE_01_collision.DAE -> /home/chino/uvix_ws/install/Uvix_sim/share/Uvix_sim/models/aws_robomaker_residential_PortraitE_02/meshes\n'}
[5.847442] (Uvix_sim) StdoutLine: {'line': b'symbolically linking /home/chino/uvix_ws/build/Uvix_sim/models/aws_robomaker_residential_PortraitE_02/meshes/aws_PortraitE_01_visual.DAE -> /home/chino/uvix_ws/install/Uvix_sim/share/Uvix_sim/models/aws_robomaker_residential_PortraitE_02/meshes\n'}
[5.851012] (Uvix_sim) StdoutLine: {'line': b'creating /home/chino/uvix_ws/install/Uvix_sim/share/Uvix_sim/models/aws_robomaker_residential_PortraitE_02/materials\n'}
[5.853538] (Uvix_sim) StdoutLine: {'line': b'creating /home/chino/uvix_ws/install/Uvix_sim/share/Uvix_sim/models/aws_robomaker_residential_PortraitE_02/materials/textures\n'}
[5.857451] (Uvix_sim) StdoutLine: {'line': b'symbolically linking /home/chino/uvix_ws/build/Uvix_sim/models/aws_robomaker_residential_PortraitE_02/materials/textures/aws_PortraitE_01.png -> /home/chino/uvix_ws/install/Uvix_sim/share/Uvix_sim/models/aws_robomaker_residential_PortraitE_02/materials/textures\n'}
[5.858995] (Uvix_sim) StdoutLine: {'line': b'symbolically linking /home/chino/uvix_ws/build/Uvix_sim/models/aws_robomaker_residential_PortraitE_02/materials/textures/aws_PortraitE_02.png -> /home/chino/uvix_ws/install/Uvix_sim/share/Uvix_sim/models/aws_robomaker_residential_PortraitE_02/materials/textures\n'}
[5.861348] (Uvix_sim) StdoutLine: {'line': b'creating /home/chino/uvix_ws/install/Uvix_sim/share/Uvix_sim/models/aws_robomaker_hospital_curtain_open_01\n'}
[5.861917] (Uvix_sim) StdoutLine: {'line': b'symbolically linking /home/chino/uvix_ws/build/Uvix_sim/models/aws_robomaker_hospital_curtain_open_01/model.config -> /home/chino/uvix_ws/install/Uvix_sim/share/Uvix_sim/models/aws_robomaker_hospital_curtain_open_01\n'}
[5.862480] (Uvix_sim) StdoutLine: {'line': b'symbolically linking /home/chino/uvix_ws/build/Uvix_sim/models/aws_robomaker_hospital_curtain_open_01/model.sdf -> /home/chino/uvix_ws/install/Uvix_sim/share/Uvix_sim/models/aws_robomaker_hospital_curtain_open_01\n'}
[5.863316] (Uvix_sim) StdoutLine: {'line': b'creating /home/chino/uvix_ws/install/Uvix_sim/share/Uvix_sim/models/aws_robomaker_hospital_curtain_open_01/meshes\n'}
[5.864612] (Uvix_sim) StdoutLine: {'line': b'symbolically linking /home/chino/uvix_ws/build/Uvix_sim/models/aws_robomaker_hospital_curtain_open_01/meshes/aws_robomaker_hospital_curtain_open_01_visual_normal.png -> /home/chino/uvix_ws/install/Uvix_sim/share/Uvix_sim/models/aws_robomaker_hospital_curtain_open_01/meshes\n'}
[5.865813] (Uvix_sim) StdoutLine: {'line': b'symbolically linking /home/chino/uvix_ws/build/Uvix_sim/models/aws_robomaker_hospital_curtain_open_01/meshes/aws_robomaker_hospital_curtain_open_01_low_normal.png -> /home/chino/uvix_ws/install/Uvix_sim/share/Uvix_sim/models/aws_robomaker_hospital_curtain_open_01/meshes\n'}
[5.866947] (Uvix_sim) StdoutLine: {'line': b'symbolically linking /home/chino/uvix_ws/build/Uvix_sim/models/aws_robomaker_hospital_curtain_open_01/meshes/aws_robomaker_hospital_curtainrail_01_low_normal.png -> /home/chino/uvix_ws/install/Uvix_sim/share/Uvix_sim/models/aws_robomaker_hospital_curtain_open_01/meshes\n'}
[5.868089] (Uvix_sim) StdoutLine: {'line': b'symbolically linking /home/chino/uvix_ws/build/Uvix_sim/models/aws_robomaker_hospital_curtain_open_01/meshes/aws_robomaker_hospital_curtain_open_01_collision.dae -> /home/chino/uvix_ws/install/Uvix_sim/share/Uvix_sim/models/aws_robomaker_hospital_curtain_open_01/meshes\n'}
[5.870225] (Uvix_sim) StdoutLine: {'line': b'symbolically linking /home/chino/uvix_ws/build/Uvix_sim/models/aws_robomaker_hospital_curtain_open_01/meshes/aws_robomaker_hospital_curtain_open_01_visual.dae -> /home/chino/uvix_ws/install/Uvix_sim/share/Uvix_sim/models/aws_robomaker_hospital_curtain_open_01/meshes\n'}
[5.871810] (Uvix_sim) StdoutLine: {'line': b'symbolically linking /home/chino/uvix_ws/build/Uvix_sim/models/aws_robomaker_hospital_curtain_open_01/meshes/aws_robomaker_hospital_curtain_open_01_visual.png -> /home/chino/uvix_ws/install/Uvix_sim/share/Uvix_sim/models/aws_robomaker_hospital_curtain_open_01/meshes\n'}
[5.873025] (Uvix_sim) StdoutLine: {'line': b'symbolically linking /home/chino/uvix_ws/build/Uvix_sim/models/aws_robomaker_hospital_curtain_open_01/meshes/aws_robomaker_hospital_curtainrail_01_low.png -> /home/chino/uvix_ws/install/Uvix_sim/share/Uvix_sim/models/aws_robomaker_hospital_curtain_open_01/meshes\n'}
[5.874517] (bobert_sim) JobEnded: {'identifier': 'bobert_sim', 'rc': 0}
[5.875244] (Uvix_sim) StdoutLine: {'line': b'symbolically linking /home/chino/uvix_ws/build/Uvix_sim/models/aws_robomaker_hospital_curtain_open_01/meshes/aws_robomaker_hospital_curtain_open_01_low.png -> /home/chino/uvix_ws/install/Uvix_sim/share/Uvix_sim/models/aws_robomaker_hospital_curtain_open_01/meshes\n'}
[5.875829] (Uvix_sim) StdoutLine: {'line': b'symbolically linking /home/chino/uvix_ws/build/Uvix_sim/models/aws_robomaker_hospital_curtain_open_01/meshes/aws_robomaker_hospital_curtainrail_01_visual.png -> /home/chino/uvix_ws/install/Uvix_sim/share/Uvix_sim/models/aws_robomaker_hospital_curtain_open_01/meshes\n'}
[5.877319] (Uvix_sim) StdoutLine: {'line': b'symbolically linking /home/chino/uvix_ws/build/Uvix_sim/models/aws_robomaker_hospital_curtain_open_01/meshes/aws_robomaker_hospital_curtainrail_01_visual_normal.png -> /home/chino/uvix_ws/install/Uvix_sim/share/Uvix_sim/models/aws_robomaker_hospital_curtain_open_01/meshes\n'}
[5.879092] (Uvix_sim) StdoutLine: {'line': b'creating /home/chino/uvix_ws/install/Uvix_sim/share/Uvix_sim/models/aws_robomaker_residential_KitchenCabinet_01\n'}
[5.880514] (Uvix_sim) StdoutLine: {'line': b'symbolically linking /home/chino/uvix_ws/build/Uvix_sim/models/aws_robomaker_residential_KitchenCabinet_01/model.config -> /home/chino/uvix_ws/install/Uvix_sim/share/Uvix_sim/models/aws_robomaker_residential_KitchenCabinet_01\n'}
[5.881984] (Uvix_sim) StdoutLine: {'line': b'symbolically linking /home/chino/uvix_ws/build/Uvix_sim/models/aws_robomaker_residential_KitchenCabinet_01/model.sdf -> /home/chino/uvix_ws/install/Uvix_sim/share/Uvix_sim/models/aws_robomaker_residential_KitchenCabinet_01\n'}
[5.883367] (Uvix_sim) StdoutLine: {'line': b'creating /home/chino/uvix_ws/install/Uvix_sim/share/Uvix_sim/models/aws_robomaker_residential_KitchenCabinet_01/meshes\n'}
[5.884639] (Uvix_sim) StdoutLine: {'line': b'symbolically linking /home/chino/uvix_ws/build/Uvix_sim/models/aws_robomaker_residential_KitchenCabinet_01/meshes/aws_KitchenCabinet_01_collision.DAE -> /home/chino/uvix_ws/install/Uvix_sim/share/Uvix_sim/models/aws_robomaker_residential_KitchenCabinet_01/meshes\n'}
[5.886378] (Uvix_sim) StdoutLine: {'line': b'symbolically linking /home/chino/uvix_ws/build/Uvix_sim/models/aws_robomaker_residential_KitchenCabinet_01/meshes/aws_KitchenCabinet_01_visual.DAE -> /home/chino/uvix_ws/install/Uvix_sim/share/Uvix_sim/models/aws_robomaker_residential_KitchenCabinet_01/meshes\n'}
[5.887453] (Uvix_sim) StdoutLine: {'line': b'creating /home/chino/uvix_ws/install/Uvix_sim/share/Uvix_sim/models/aws_robomaker_residential_KitchenCabinet_01/materials\n'}
[5.888515] (Uvix_sim) StdoutLine: {'line': b'creating /home/chino/uvix_ws/install/Uvix_sim/share/Uvix_sim/models/aws_robomaker_residential_KitchenCabinet_01/materials/textures\n'}
[5.889795] (Uvix_sim) StdoutLine: {'line': b'symbolically linking /home/chino/uvix_ws/build/Uvix_sim/models/aws_robomaker_residential_KitchenCabinet_01/materials/textures/aws_KitchenCabinet_01.png -> /home/chino/uvix_ws/install/Uvix_sim/share/Uvix_sim/models/aws_robomaker_residential_KitchenCabinet_01/materials/textures\n'}
[5.891076] (Uvix_sim) StdoutLine: {'line': b'creating /home/chino/uvix_ws/install/Uvix_sim/share/Uvix_sim/models/aws_robomaker_hospital_nursesstation_01\n'}
[5.892199] (Uvix_sim) StdoutLine: {'line': b'symbolically linking /home/chino/uvix_ws/build/Uvix_sim/models/aws_robomaker_hospital_nursesstation_01/model.config -> /home/chino/uvix_ws/install/Uvix_sim/share/Uvix_sim/models/aws_robomaker_hospital_nursesstation_01\n'}
[5.893608] (Uvix_sim) StdoutLine: {'line': b'symbolically linking /home/chino/uvix_ws/build/Uvix_sim/models/aws_robomaker_hospital_nursesstation_01/model.sdf -> /home/chino/uvix_ws/install/Uvix_sim/share/Uvix_sim/models/aws_robomaker_hospital_nursesstation_01\n'}
[5.894748] (Uvix_sim) StdoutLine: {'line': b'creating /home/chino/uvix_ws/install/Uvix_sim/share/Uvix_sim/models/aws_robomaker_hospital_nursesstation_01/meshes\n'}
[5.895911] (Uvix_sim) StdoutLine: {'line': b'symbolically linking /home/chino/uvix_ws/build/Uvix_sim/models/aws_robomaker_hospital_nursesstation_01/meshes/aws_robomaker_hospital_nursesstation_01_visual.dae -> /home/chino/uvix_ws/install/Uvix_sim/share/Uvix_sim/models/aws_robomaker_hospital_nursesstation_01/meshes\n'}
[5.896976] (Uvix_sim) StdoutLine: {'line': b'symbolically linking /home/chino/uvix_ws/build/Uvix_sim/models/aws_robomaker_hospital_nursesstation_01/meshes/aws_robomaker_hospital_nursesstation_01_low.dae -> /home/chino/uvix_ws/install/Uvix_sim/share/Uvix_sim/models/aws_robomaker_hospital_nursesstation_01/meshes\n'}
[5.898044] (Uvix_sim) StdoutLine: {'line': b'symbolically linking /home/chino/uvix_ws/build/Uvix_sim/models/aws_robomaker_hospital_nursesstation_01/meshes/aws_robomaker_hospital_nursesstation_01_visual_normal.png -> /home/chino/uvix_ws/install/Uvix_sim/share/Uvix_sim/models/aws_robomaker_hospital_nursesstation_01/meshes\n'}
[5.899102] (Uvix_sim) StdoutLine: {'line': b'symbolically linking /home/chino/uvix_ws/build/Uvix_sim/models/aws_robomaker_hospital_nursesstation_01/meshes/aws_robomaker_hospital_nursesstation_01_low.png -> /home/chino/uvix_ws/install/Uvix_sim/share/Uvix_sim/models/aws_robomaker_hospital_nursesstation_01/meshes\n'}
[5.900168] (Uvix_sim) StdoutLine: {'line': b'symbolically linking /home/chino/uvix_ws/build/Uvix_sim/models/aws_robomaker_hospital_nursesstation_01/meshes/aws_robomaker_hospital_nursesstation_01_collision.dae -> /home/chino/uvix_ws/install/Uvix_sim/share/Uvix_sim/models/aws_robomaker_hospital_nursesstation_01/meshes\n'}
[5.901762] (Uvix_sim) StdoutLine: {'line': b'symbolically linking /home/chino/uvix_ws/build/Uvix_sim/models/aws_robomaker_hospital_nursesstation_01/meshes/aws_robomaker_hospital_nursesstation_01_visual.png -> /home/chino/uvix_ws/install/Uvix_sim/share/Uvix_sim/models/aws_robomaker_hospital_nursesstation_01/meshes\n'}
[5.903819] (Uvix_sim) StdoutLine: {'line': b'symbolically linking /home/chino/uvix_ws/build/Uvix_sim/models/aws_robomaker_hospital_nursesstation_01/meshes/aws_robomaker_hospital_nursesstation_01_low_normal.png -> /home/chino/uvix_ws/install/Uvix_sim/share/Uvix_sim/models/aws_robomaker_hospital_nursesstation_01/meshes\n'}
[5.905760] (Uvix_sim) StdoutLine: {'line': b'creating /home/chino/uvix_ws/install/Uvix_sim/share/Uvix_sim/models/aws_robomaker_hospital_floor_02_walls\n'}
[5.907409] (Uvix_sim) StdoutLine: {'line': b'symbolically linking /home/chino/uvix_ws/build/Uvix_sim/models/aws_robomaker_hospital_floor_02_walls/model.config -> /home/chino/uvix_ws/install/Uvix_sim/share/Uvix_sim/models/aws_robomaker_hospital_floor_02_walls\n'}
[5.908931] (Uvix_sim) StdoutLine: {'line': b'symbolically linking /home/chino/uvix_ws/build/Uvix_sim/models/aws_robomaker_hospital_floor_02_walls/model.sdf -> /home/chino/uvix_ws/install/Uvix_sim/share/Uvix_sim/models/aws_robomaker_hospital_floor_02_walls\n'}
[5.910021] (Uvix_sim) StdoutLine: {'line': b'creating /home/chino/uvix_ws/install/Uvix_sim/share/Uvix_sim/models/aws_robomaker_hospital_floor_02_walls/meshes\n'}
[5.911245] (Uvix_sim) StdoutLine: {'line': b'symbolically linking /home/chino/uvix_ws/build/Uvix_sim/models/aws_robomaker_hospital_floor_02_walls/meshes/aws_robomaker_hospital_floor_02_windows.png -> /home/chino/uvix_ws/install/Uvix_sim/share/Uvix_sim/models/aws_robomaker_hospital_floor_02_walls/meshes\n'}
[5.912892] (Uvix_sim) StdoutLine: {'line': b'symbolically linking /home/chino/uvix_ws/build/Uvix_sim/models/aws_robomaker_hospital_floor_02_walls/meshes/aws_robomaker_hospital_floor_02_doorframes_small.png -> /home/chino/uvix_ws/install/Uvix_sim/share/Uvix_sim/models/aws_robomaker_hospital_floor_02_walls/meshes\n'}
[5.913849] (Uvix_sim) StdoutLine: {'line': b'symbolically linking /home/chino/uvix_ws/build/Uvix_sim/models/aws_robomaker_hospital_floor_02_walls/meshes/aws_robomaker_hospital_floor_02_handrail.png -> /home/chino/uvix_ws/install/Uvix_sim/share/Uvix_sim/models/aws_robomaker_hospital_floor_02_walls/meshes\n'}
[5.914968] (Uvix_sim) StdoutLine: {'line': b'symbolically linking /home/chino/uvix_ws/build/Uvix_sim/models/aws_robomaker_hospital_floor_02_walls/meshes/aws_robomaker_hospital_floor_02_doorsign.png -> /home/chino/uvix_ws/install/Uvix_sim/share/Uvix_sim/models/aws_robomaker_hospital_floor_02_walls/meshes\n'}
[5.916149] (Uvix_sim) StdoutLine: {'line': b'symbolically linking /home/chino/uvix_ws/build/Uvix_sim/models/aws_robomaker_hospital_floor_02_walls/meshes/aws_robomaker_hospital_floor_02_bumprail.png -> /home/chino/uvix_ws/install/Uvix_sim/share/Uvix_sim/models/aws_robomaker_hospital_floor_02_walls/meshes\n'}
[5.917475] (Uvix_sim) StdoutLine: {'line': b'symbolically linking /home/chino/uvix_ws/build/Uvix_sim/models/aws_robomaker_hospital_floor_02_walls/meshes/aws_robomaker_hospital_floor_02_walls_visual.dae -> /home/chino/uvix_ws/install/Uvix_sim/share/Uvix_sim/models/aws_robomaker_hospital_floor_02_walls/meshes\n'}
[5.918852] (Uvix_sim) StdoutLine: {'line': b'symbolically linking /home/chino/uvix_ws/build/Uvix_sim/models/aws_robomaker_hospital_floor_02_walls/meshes/aws_robomaker_hospital_floor_02_walls_collision.dae -> /home/chino/uvix_ws/install/Uvix_sim/share/Uvix_sim/models/aws_robomaker_hospital_floor_02_walls/meshes\n'}
[5.920058] (Uvix_sim) StdoutLine: {'line': b'symbolically linking /home/chino/uvix_ws/build/Uvix_sim/models/aws_robomaker_hospital_floor_02_walls/meshes/aws_robomaker_hospital_floor_02_walls.png -> /home/chino/uvix_ws/install/Uvix_sim/share/Uvix_sim/models/aws_robomaker_hospital_floor_02_walls/meshes\n'}
[5.921328] (Uvix_sim) StdoutLine: {'line': b'symbolically linking /home/chino/uvix_ws/build/Uvix_sim/models/aws_robomaker_hospital_floor_02_walls/meshes/aws_robomaker_hospital_floor_02_doorframes_big.png -> /home/chino/uvix_ws/install/Uvix_sim/share/Uvix_sim/models/aws_robomaker_hospital_floor_02_walls/meshes\n'}
[5.922491] (Uvix_sim) StdoutLine: {'line': b'symbolically linking /home/chino/uvix_ws/build/Uvix_sim/models/aws_robomaker_hospital_floor_02_walls/meshes/aws_robomaker_hospital_floor_02_stairs.png -> /home/chino/uvix_ws/install/Uvix_sim/share/Uvix_sim/models/aws_robomaker_hospital_floor_02_walls/meshes\n'}
[5.923811] (Uvix_sim) StdoutLine: {'line': b'creating /home/chino/uvix_ws/install/Uvix_sim/share/Uvix_sim/models/aws_robomaker_residential_SofaB_01\n'}
[5.924959] (Uvix_sim) StdoutLine: {'line': b'symbolically linking /home/chino/uvix_ws/build/Uvix_sim/models/aws_robomaker_residential_SofaB_01/model.config -> /home/chino/uvix_ws/install/Uvix_sim/share/Uvix_sim/models/aws_robomaker_residential_SofaB_01\n'}
[5.926247] (Uvix_sim) StdoutLine: {'line': b'symbolically linking /home/chino/uvix_ws/build/Uvix_sim/models/aws_robomaker_residential_SofaB_01/model.sdf -> /home/chino/uvix_ws/install/Uvix_sim/share/Uvix_sim/models/aws_robomaker_residential_SofaB_01\n'}
[5.927340] (Uvix_sim) StdoutLine: {'line': b'creating /home/chino/uvix_ws/install/Uvix_sim/share/Uvix_sim/models/aws_robomaker_residential_SofaB_01/meshes\n'}
[5.928529] (Uvix_sim) StdoutLine: {'line': b'symbolically linking /home/chino/uvix_ws/build/Uvix_sim/models/aws_robomaker_residential_SofaB_01/meshes/aws_SofaB_01_collision.DAE -> /home/chino/uvix_ws/install/Uvix_sim/share/Uvix_sim/models/aws_robomaker_residential_SofaB_01/meshes\n'}
[5.929669] (Uvix_sim) StdoutLine: {'line': b'symbolically linking /home/chino/uvix_ws/build/Uvix_sim/models/aws_robomaker_residential_SofaB_01/meshes/aws_SofaB_01_visual.DAE -> /home/chino/uvix_ws/install/Uvix_sim/share/Uvix_sim/models/aws_robomaker_residential_SofaB_01/meshes\n'}
[5.930870] (Uvix_sim) StdoutLine: {'line': b'creating /home/chino/uvix_ws/install/Uvix_sim/share/Uvix_sim/models/aws_robomaker_residential_SofaB_01/materials\n'}
[5.931883] (Uvix_sim) StdoutLine: {'line': b'creating /home/chino/uvix_ws/install/Uvix_sim/share/Uvix_sim/models/aws_robomaker_residential_SofaB_01/materials/textures\n'}
[5.932987] (Uvix_sim) StdoutLine: {'line': b'symbolically linking /home/chino/uvix_ws/build/Uvix_sim/models/aws_robomaker_residential_SofaB_01/materials/textures/aws_SofaB_01.png -> /home/chino/uvix_ws/install/Uvix_sim/share/Uvix_sim/models/aws_robomaker_residential_SofaB_01/materials/textures\n'}
[5.934043] (Uvix_sim) StdoutLine: {'line': b'creating /home/chino/uvix_ws/install/Uvix_sim/share/Uvix_sim/models/aws_robomaker_hospital_hospitalsign_01\n'}
[5.935131] (Uvix_sim) StdoutLine: {'line': b'symbolically linking /home/chino/uvix_ws/build/Uvix_sim/models/aws_robomaker_hospital_hospitalsign_01/model.config -> /home/chino/uvix_ws/install/Uvix_sim/share/Uvix_sim/models/aws_robomaker_hospital_hospitalsign_01\n'}
[5.936214] (Uvix_sim) StdoutLine: {'line': b'symbolically linking /home/chino/uvix_ws/build/Uvix_sim/models/aws_robomaker_hospital_hospitalsign_01/model.sdf -> /home/chino/uvix_ws/install/Uvix_sim/share/Uvix_sim/models/aws_robomaker_hospital_hospitalsign_01\n'}
[5.937250] (Uvix_sim) StdoutLine: {'line': b'creating /home/chino/uvix_ws/install/Uvix_sim/share/Uvix_sim/models/aws_robomaker_hospital_hospitalsign_01/meshes\n'}
[5.938352] (Uvix_sim) StdoutLine: {'line': b'symbolically linking /home/chino/uvix_ws/build/Uvix_sim/models/aws_robomaker_hospital_hospitalsign_01/meshes/aws_robomaker_hospital_hospitalsign_01_collision.dae -> /home/chino/uvix_ws/install/Uvix_sim/share/Uvix_sim/models/aws_robomaker_hospital_hospitalsign_01/meshes\n'}
[5.938875] (-) TimerEvent: {}
[5.939450] (Uvix_sim) StdoutLine: {'line': b'symbolically linking /home/chino/uvix_ws/build/Uvix_sim/models/aws_robomaker_hospital_hospitalsign_01/meshes/aws_robomaker_hospital_hospitalsign_01_normal.png -> /home/chino/uvix_ws/install/Uvix_sim/share/Uvix_sim/models/aws_robomaker_hospital_hospitalsign_01/meshes\n'}
[5.940376] (Uvix_sim) StdoutLine: {'line': b'symbolically linking /home/chino/uvix_ws/build/Uvix_sim/models/aws_robomaker_hospital_hospitalsign_01/meshes/aws_robomaker_hospital_hospitalsign_01.png -> /home/chino/uvix_ws/install/Uvix_sim/share/Uvix_sim/models/aws_robomaker_hospital_hospitalsign_01/meshes\n'}
[5.941568] (Uvix_sim) StdoutLine: {'line': b'symbolically linking /home/chino/uvix_ws/build/Uvix_sim/models/aws_robomaker_hospital_hospitalsign_01/meshes/aws_robomaker_hospital_hospitalsign_01_visual.dae -> /home/chino/uvix_ws/install/Uvix_sim/share/Uvix_sim/models/aws_robomaker_hospital_hospitalsign_01/meshes\n'}
[5.942565] (Uvix_sim) StdoutLine: {'line': b'creating /home/chino/uvix_ws/install/Uvix_sim/share/Uvix_sim/models/aws_robomaker_warehouse_ClutteringA_01\n'}
[5.943540] (Uvix_sim) StdoutLine: {'line': b'symbolically linking /home/chino/uvix_ws/build/Uvix_sim/models/aws_robomaker_warehouse_ClutteringA_01/model.config -> /home/chino/uvix_ws/install/Uvix_sim/share/Uvix_sim/models/aws_robomaker_warehouse_ClutteringA_01\n'}
[5.944585] (Uvix_sim) StdoutLine: {'line': b'symbolically linking /home/chino/uvix_ws/build/Uvix_sim/models/aws_robomaker_warehouse_ClutteringA_01/model.sdf -> /home/chino/uvix_ws/install/Uvix_sim/share/Uvix_sim/models/aws_robomaker_warehouse_ClutteringA_01\n'}
[5.945688] (Uvix_sim) StdoutLine: {'line': b'creating /home/chino/uvix_ws/install/Uvix_sim/share/Uvix_sim/models/aws_robomaker_warehouse_ClutteringA_01/meshes\n'}
[5.946875] (Uvix_sim) StdoutLine: {'line': b'symbolically linking /home/chino/uvix_ws/build/Uvix_sim/models/aws_robomaker_warehouse_ClutteringA_01/meshes/aws_robomaker_warehouse_ClutteringA_01_collision.DAE -> /home/chino/uvix_ws/install/Uvix_sim/share/Uvix_sim/models/aws_robomaker_warehouse_ClutteringA_01/meshes\n'}
[5.948300] (Uvix_sim) StdoutLine: {'line': b'symbolically linking /home/chino/uvix_ws/build/Uvix_sim/models/aws_robomaker_warehouse_ClutteringA_01/meshes/aws_robomaker_warehouse_ClutteringA_01_visual.DAE -> /home/chino/uvix_ws/install/Uvix_sim/share/Uvix_sim/models/aws_robomaker_warehouse_ClutteringA_01/meshes\n'}
[5.950080] (Uvix_sim) StdoutLine: {'line': b'creating /home/chino/uvix_ws/install/Uvix_sim/share/Uvix_sim/models/aws_robomaker_warehouse_ClutteringA_01/materials\n'}
[5.951593] (Uvix_sim) StdoutLine: {'line': b'creating /home/chino/uvix_ws/install/Uvix_sim/share/Uvix_sim/models/aws_robomaker_warehouse_ClutteringA_01/materials/textures\n'}
[5.952671] (Uvix_sim) StdoutLine: {'line': b'symbolically linking /home/chino/uvix_ws/build/Uvix_sim/models/aws_robomaker_warehouse_ClutteringA_01/materials/textures/aws_robomaker_warehouse_ClutteringA_03.png -> /home/chino/uvix_ws/install/Uvix_sim/share/Uvix_sim/models/aws_robomaker_warehouse_ClutteringA_01/materials/textures\n'}
[5.953926] (Uvix_sim) StdoutLine: {'line': b'symbolically linking /home/chino/uvix_ws/build/Uvix_sim/models/aws_robomaker_warehouse_ClutteringA_01/materials/textures/aws_robomaker_warehouse_ClutteringA_01.png -> /home/chino/uvix_ws/install/Uvix_sim/share/Uvix_sim/models/aws_robomaker_warehouse_ClutteringA_01/materials/textures\n'}
[5.955784] (Uvix_sim) StdoutLine: {'line': b'symbolically linking /home/chino/uvix_ws/build/Uvix_sim/models/aws_robomaker_warehouse_ClutteringA_01/materials/textures/aws_robomaker_warehouse_ClutteringA_02.png -> /home/chino/uvix_ws/install/Uvix_sim/share/Uvix_sim/models/aws_robomaker_warehouse_ClutteringA_01/materials/textures\n'}
[5.957253] (Uvix_sim) StdoutLine: {'line': b'creating /home/chino/uvix_ws/install/Uvix_sim/share/Uvix_sim/models/aws_robomaker_hospital_floor_01_floor\n'}
[5.958897] (Uvix_sim) StdoutLine: {'line': b'symbolically linking /home/chino/uvix_ws/build/Uvix_sim/models/aws_robomaker_hospital_floor_01_floor/model.config -> /home/chino/uvix_ws/install/Uvix_sim/share/Uvix_sim/models/aws_robomaker_hospital_floor_01_floor\n'}
[5.960464] (Uvix_sim) StdoutLine: {'line': b'symbolically linking /home/chino/uvix_ws/build/Uvix_sim/models/aws_robomaker_hospital_floor_01_floor/model.sdf -> /home/chino/uvix_ws/install/Uvix_sim/share/Uvix_sim/models/aws_robomaker_hospital_floor_01_floor\n'}
[5.962225] (Uvix_sim) StdoutLine: {'line': b'creating /home/chino/uvix_ws/install/Uvix_sim/share/Uvix_sim/models/aws_robomaker_hospital_floor_01_floor/meshes\n'}
[5.963473] (Uvix_sim) StdoutLine: {'line': b'symbolically linking /home/chino/uvix_ws/build/Uvix_sim/models/aws_robomaker_hospital_floor_01_floor/meshes/aws_robomaker_hospital_floor_01_floor.png -> /home/chino/uvix_ws/install/Uvix_sim/share/Uvix_sim/models/aws_robomaker_hospital_floor_01_floor/meshes\n'}
[5.965034] (Uvix_sim) StdoutLine: {'line': b'symbolically linking /home/chino/uvix_ws/build/Uvix_sim/models/aws_robomaker_hospital_floor_01_floor/meshes/aws_robomaker_hospital_floor_01_floor_collision.dae -> /home/chino/uvix_ws/install/Uvix_sim/share/Uvix_sim/models/aws_robomaker_hospital_floor_01_floor/meshes\n'}
[5.967052] (Uvix_sim) StdoutLine: {'line': b'symbolically linking /home/chino/uvix_ws/build/Uvix_sim/models/aws_robomaker_hospital_floor_01_floor/meshes/aws_robomaker_hospital_floor_01_floor_visual.dae -> /home/chino/uvix_ws/install/Uvix_sim/share/Uvix_sim/models/aws_robomaker_hospital_floor_01_floor/meshes\n'}
[5.968736] (Uvix_sim) StdoutLine: {'line': b'symbolically linking /home/chino/uvix_ws/build/Uvix_sim/models/aws_robomaker_hospital_floor_01_floor/meshes/aws_robomaker_hospital_floor_01_floor_normal.png -> /home/chino/uvix_ws/install/Uvix_sim/share/Uvix_sim/models/aws_robomaker_hospital_floor_01_floor/meshes\n'}
[5.970144] (Uvix_sim) StdoutLine: {'line': b'creating /home/chino/uvix_ws/install/Uvix_sim/share/Uvix_sim/models/aws_robomaker_hospital_floor_02_ceiling\n'}
[5.971682] (Uvix_sim) StdoutLine: {'line': b'symbolically linking /home/chino/uvix_ws/build/Uvix_sim/models/aws_robomaker_hospital_floor_02_ceiling/model.config -> /home/chino/uvix_ws/install/Uvix_sim/share/Uvix_sim/models/aws_robomaker_hospital_floor_02_ceiling\n'}
[5.972872] (Uvix_sim) StdoutLine: {'line': b'symbolically linking /home/chino/uvix_ws/build/Uvix_sim/models/aws_robomaker_hospital_floor_02_ceiling/model.sdf -> /home/chino/uvix_ws/install/Uvix_sim/share/Uvix_sim/models/aws_robomaker_hospital_floor_02_ceiling\n'}
[5.974152] (Uvix_sim) StdoutLine: {'line': b'creating /home/chino/uvix_ws/install/Uvix_sim/share/Uvix_sim/models/aws_robomaker_hospital_floor_02_ceiling/meshes\n'}
[5.975375] (Uvix_sim) StdoutLine: {'line': b'symbolically linking /home/chino/uvix_ws/build/Uvix_sim/models/aws_robomaker_hospital_floor_02_ceiling/meshes/aws_robomaker_hospital_floor_02_ceiling_normal.png -> /home/chino/uvix_ws/install/Uvix_sim/share/Uvix_sim/models/aws_robomaker_hospital_floor_02_ceiling/meshes\n'}
[5.976404] (Uvix_sim) StdoutLine: {'line': b'symbolically linking /home/chino/uvix_ws/build/Uvix_sim/models/aws_robomaker_hospital_floor_02_ceiling/meshes/aws_robomaker_hospital_floor_02_ceiling.png -> /home/chino/uvix_ws/install/Uvix_sim/share/Uvix_sim/models/aws_robomaker_hospital_floor_02_ceiling/meshes\n'}
[5.977570] (Uvix_sim) StdoutLine: {'line': b'symbolically linking /home/chino/uvix_ws/build/Uvix_sim/models/aws_robomaker_hospital_floor_02_ceiling/meshes/aws_robomaker_hospital_floor_02_ceiling_collision.dae -> /home/chino/uvix_ws/install/Uvix_sim/share/Uvix_sim/models/aws_robomaker_hospital_floor_02_ceiling/meshes\n'}
[5.978640] (Uvix_sim) StdoutLine: {'line': b'symbolically linking /home/chino/uvix_ws/build/Uvix_sim/models/aws_robomaker_hospital_floor_02_ceiling/meshes/aws_robomaker_hospital_floor_02_ceiling_visual.dae -> /home/chino/uvix_ws/install/Uvix_sim/share/Uvix_sim/models/aws_robomaker_hospital_floor_02_ceiling/meshes\n'}
[5.979912] (Uvix_sim) StdoutLine: {'line': b'creating /home/chino/uvix_ws/install/Uvix_sim/share/Uvix_sim/models/aws_robomaker_hospital_floor_02_ceiling/materials\n'}
[5.981368] (Uvix_sim) StdoutLine: {'line': b'symbolically linking /home/chino/uvix_ws/build/Uvix_sim/models/aws_robomaker_hospital_floor_02_ceiling/materials/model.sdf -> /home/chino/uvix_ws/install/Uvix_sim/share/Uvix_sim/models/aws_robomaker_hospital_floor_02_ceiling/materials\n'}
[5.982732] (Uvix_sim) StdoutLine: {'line': b'creating /home/chino/uvix_ws/install/Uvix_sim/share/Uvix_sim/models/aws_robomaker_residential_PortraitB_02\n'}
[5.983970] (Uvix_sim) StdoutLine: {'line': b'symbolically linking /home/chino/uvix_ws/build/Uvix_sim/models/aws_robomaker_residential_PortraitB_02/model.config -> /home/chino/uvix_ws/install/Uvix_sim/share/Uvix_sim/models/aws_robomaker_residential_PortraitB_02\n'}
[5.985287] (Uvix_sim) StdoutLine: {'line': b'symbolically linking /home/chino/uvix_ws/build/Uvix_sim/models/aws_robomaker_residential_PortraitB_02/model.sdf -> /home/chino/uvix_ws/install/Uvix_sim/share/Uvix_sim/models/aws_robomaker_residential_PortraitB_02\n'}
[5.986443] (Uvix_sim) StdoutLine: {'line': b'creating /home/chino/uvix_ws/install/Uvix_sim/share/Uvix_sim/models/aws_robomaker_residential_PortraitB_02/meshes\n'}
[5.987511] (Uvix_sim) StdoutLine: {'line': b'symbolically linking /home/chino/uvix_ws/build/Uvix_sim/models/aws_robomaker_residential_PortraitB_02/meshes/aws_PortraitB_01_visual.DAE -> /home/chino/uvix_ws/install/Uvix_sim/share/Uvix_sim/models/aws_robomaker_residential_PortraitB_02/meshes\n'}
[5.988554] (Uvix_sim) StdoutLine: {'line': b'symbolically linking /home/chino/uvix_ws/build/Uvix_sim/models/aws_robomaker_residential_PortraitB_02/meshes/aws_PortraitB_01_collision.DAE -> /home/chino/uvix_ws/install/Uvix_sim/share/Uvix_sim/models/aws_robomaker_residential_PortraitB_02/meshes\n'}
[5.989694] (Uvix_sim) StdoutLine: {'line': b'creating /home/chino/uvix_ws/install/Uvix_sim/share/Uvix_sim/models/aws_robomaker_residential_PortraitB_02/materials\n'}
[5.990744] (Uvix_sim) StdoutLine: {'line': b'creating /home/chino/uvix_ws/install/Uvix_sim/share/Uvix_sim/models/aws_robomaker_residential_PortraitB_02/materials/textures\n'}
[5.991826] (Uvix_sim) StdoutLine: {'line': b'symbolically linking /home/chino/uvix_ws/build/Uvix_sim/models/aws_robomaker_residential_PortraitB_02/materials/textures/aws_PortraitB_02.png -> /home/chino/uvix_ws/install/Uvix_sim/share/Uvix_sim/models/aws_robomaker_residential_PortraitB_02/materials/textures\n'}
[5.992976] (Uvix_sim) StdoutLine: {'line': b'symbolically linking /home/chino/uvix_ws/build/Uvix_sim/models/aws_robomaker_residential_PortraitB_02/materials/textures/aws_PortraitB_01.png -> /home/chino/uvix_ws/install/Uvix_sim/share/Uvix_sim/models/aws_robomaker_residential_PortraitB_02/materials/textures\n'}
[5.994080] (Uvix_sim) StdoutLine: {'line': b'creating /home/chino/uvix_ws/install/Uvix_sim/share/Uvix_sim/models/aws_robomaker_residential_PortraitC_01\n'}
[5.995174] (Uvix_sim) StdoutLine: {'line': b'symbolically linking /home/chino/uvix_ws/build/Uvix_sim/models/aws_robomaker_residential_PortraitC_01/model.config -> /home/chino/uvix_ws/install/Uvix_sim/share/Uvix_sim/models/aws_robomaker_residential_PortraitC_01\n'}
[5.996284] (Uvix_sim) StdoutLine: {'line': b'symbolically linking /home/chino/uvix_ws/build/Uvix_sim/models/aws_robomaker_residential_PortraitC_01/model.sdf -> /home/chino/uvix_ws/install/Uvix_sim/share/Uvix_sim/models/aws_robomaker_residential_PortraitC_01\n'}
[5.997576] (Uvix_sim) StdoutLine: {'line': b'creating /home/chino/uvix_ws/install/Uvix_sim/share/Uvix_sim/models/aws_robomaker_residential_PortraitC_01/meshes\n'}
[5.998842] (Uvix_sim) StdoutLine: {'line': b'symbolically linking /home/chino/uvix_ws/build/Uvix_sim/models/aws_robomaker_residential_PortraitC_01/meshes/aws_PortraitC_01_visual.DAE -> /home/chino/uvix_ws/install/Uvix_sim/share/Uvix_sim/models/aws_robomaker_residential_PortraitC_01/meshes\n'}
[5.999857] (Uvix_sim) StdoutLine: {'line': b'symbolically linking /home/chino/uvix_ws/build/Uvix_sim/models/aws_robomaker_residential_PortraitC_01/meshes/aws_PortraitC_01_collision.DAE -> /home/chino/uvix_ws/install/Uvix_sim/share/Uvix_sim/models/aws_robomaker_residential_PortraitC_01/meshes\n'}
[6.000929] (Uvix_sim) StdoutLine: {'line': b'creating /home/chino/uvix_ws/install/Uvix_sim/share/Uvix_sim/models/aws_robomaker_residential_PortraitC_01/materials\n'}
[6.002018] (Uvix_sim) StdoutLine: {'line': b'creating /home/chino/uvix_ws/install/Uvix_sim/share/Uvix_sim/models/aws_robomaker_residential_PortraitC_01/materials/textures\n'}
[6.003072] (Uvix_sim) StdoutLine: {'line': b'symbolically linking /home/chino/uvix_ws/build/Uvix_sim/models/aws_robomaker_residential_PortraitC_01/materials/textures/aws_PortraitC_02.png -> /home/chino/uvix_ws/install/Uvix_sim/share/Uvix_sim/models/aws_robomaker_residential_PortraitC_01/materials/textures\n'}
[6.004104] (Uvix_sim) StdoutLine: {'line': b'symbolically linking /home/chino/uvix_ws/build/Uvix_sim/models/aws_robomaker_residential_PortraitC_01/materials/textures/aws_PortraitC_01.png -> /home/chino/uvix_ws/install/Uvix_sim/share/Uvix_sim/models/aws_robomaker_residential_PortraitC_01/materials/textures\n'}
[6.005179] (Uvix_sim) StdoutLine: {'line': b'creating /home/chino/uvix_ws/install/Uvix_sim/share/Uvix_sim/models/aws_robomaker_retail_Computer_01\n'}
[6.006563] (Uvix_sim) StdoutLine: {'line': b'symbolically linking /home/chino/uvix_ws/build/Uvix_sim/models/aws_robomaker_retail_Computer_01/model.config -> /home/chino/uvix_ws/install/Uvix_sim/share/Uvix_sim/models/aws_robomaker_retail_Computer_01\n'}
[6.007626] (Uvix_sim) StdoutLine: {'line': b'symbolically linking /home/chino/uvix_ws/build/Uvix_sim/models/aws_robomaker_retail_Computer_01/model.sdf -> /home/chino/uvix_ws/install/Uvix_sim/share/Uvix_sim/models/aws_robomaker_retail_Computer_01\n'}
[6.008645] (Uvix_sim) StdoutLine: {'line': b'creating /home/chino/uvix_ws/install/Uvix_sim/share/Uvix_sim/models/aws_robomaker_retail_Computer_01/meshes\n'}
[6.010111] (Uvix_sim) StdoutLine: {'line': b'symbolically linking /home/chino/uvix_ws/build/Uvix_sim/models/aws_robomaker_retail_Computer_01/meshes/aws_Computer_01_visual.DAE -> /home/chino/uvix_ws/install/Uvix_sim/share/Uvix_sim/models/aws_robomaker_retail_Computer_01/meshes\n'}
[6.011344] (Uvix_sim) StdoutLine: {'line': b'symbolically linking /home/chino/uvix_ws/build/Uvix_sim/models/aws_robomaker_retail_Computer_01/meshes/aws_Computer_01_collision.DAE -> /home/chino/uvix_ws/install/Uvix_sim/share/Uvix_sim/models/aws_robomaker_retail_Computer_01/meshes\n'}
[6.012541] (Uvix_sim) StdoutLine: {'line': b'creating /home/chino/uvix_ws/install/Uvix_sim/share/Uvix_sim/models/aws_robomaker_retail_Computer_01/materials\n'}
[6.013661] (Uvix_sim) StdoutLine: {'line': b'creating /home/chino/uvix_ws/install/Uvix_sim/share/Uvix_sim/models/aws_robomaker_retail_Computer_01/materials/textures\n'}
[6.015007] (Uvix_sim) StdoutLine: {'line': b'symbolically linking /home/chino/uvix_ws/build/Uvix_sim/models/aws_robomaker_retail_Computer_01/materials/textures/aws_Computer_01.png -> /home/chino/uvix_ws/install/Uvix_sim/share/Uvix_sim/models/aws_robomaker_retail_Computer_01/materials/textures\n'}
[6.016248] (Uvix_sim) StdoutLine: {'line': b'creating /home/chino/uvix_ws/install/Uvix_sim/share/Uvix_sim/models/aws_robomaker_hospital_ramp_01\n'}
[6.017731] (Uvix_sim) StdoutLine: {'line': b'symbolically linking /home/chino/uvix_ws/build/Uvix_sim/models/aws_robomaker_hospital_ramp_01/model.config -> /home/chino/uvix_ws/install/Uvix_sim/share/Uvix_sim/models/aws_robomaker_hospital_ramp_01\n'}
[6.018969] (Uvix_sim) StdoutLine: {'line': b'symbolically linking /home/chino/uvix_ws/build/Uvix_sim/models/aws_robomaker_hospital_ramp_01/model.sdf -> /home/chino/uvix_ws/install/Uvix_sim/share/Uvix_sim/models/aws_robomaker_hospital_ramp_01\n'}
[6.019989] (Uvix_sim) StdoutLine: {'line': b'creating /home/chino/uvix_ws/install/Uvix_sim/share/Uvix_sim/models/aws_robomaker_hospital_ramp_01/meshes\n'}
[6.021166] (Uvix_sim) StdoutLine: {'line': b'symbolically linking /home/chino/uvix_ws/build/Uvix_sim/models/aws_robomaker_hospital_ramp_01/meshes/aws_robomaker_hospital_ramp_01_visual.dae -> /home/chino/uvix_ws/install/Uvix_sim/share/Uvix_sim/models/aws_robomaker_hospital_ramp_01/meshes\n'}
[6.022165] (Uvix_sim) StdoutLine: {'line': b'symbolically linking /home/chino/uvix_ws/build/Uvix_sim/models/aws_robomaker_hospital_ramp_01/meshes/aws_robomaker_hospital_ramp_01_collision.dae -> /home/chino/uvix_ws/install/Uvix_sim/share/Uvix_sim/models/aws_robomaker_hospital_ramp_01/meshes\n'}
[6.023275] (Uvix_sim) StdoutLine: {'line': b'symbolically linking /home/chino/uvix_ws/build/Uvix_sim/models/aws_robomaker_hospital_ramp_01/meshes/aws_robomaker_hospital_ramp_01_normal.png -> /home/chino/uvix_ws/install/Uvix_sim/share/Uvix_sim/models/aws_robomaker_hospital_ramp_01/meshes\n'}
[6.024358] (Uvix_sim) StdoutLine: {'line': b'symbolically linking /home/chino/uvix_ws/build/Uvix_sim/models/aws_robomaker_hospital_ramp_01/meshes/aws_robomaker_hospital_ramp_01.png -> /home/chino/uvix_ws/install/Uvix_sim/share/Uvix_sim/models/aws_robomaker_hospital_ramp_01/meshes\n'}
[6.025725] (Uvix_sim) StdoutLine: {'line': b'creating /home/chino/uvix_ws/install/Uvix_sim/share/Uvix_sim/models/aws_robomaker_hospital_elevator_01_door\n'}
[6.027127] (Uvix_sim) StdoutLine: {'line': b'symbolically linking /home/chino/uvix_ws/build/Uvix_sim/models/aws_robomaker_hospital_elevator_01_door/model.config -> /home/chino/uvix_ws/install/Uvix_sim/share/Uvix_sim/models/aws_robomaker_hospital_elevator_01_door\n'}
[6.028463] (Uvix_sim) StdoutLine: {'line': b'symbolically linking /home/chino/uvix_ws/build/Uvix_sim/models/aws_robomaker_hospital_elevator_01_door/model.sdf -> /home/chino/uvix_ws/install/Uvix_sim/share/Uvix_sim/models/aws_robomaker_hospital_elevator_01_door\n'}
[6.030115] (Uvix_sim) StdoutLine: {'line': b'creating /home/chino/uvix_ws/install/Uvix_sim/share/Uvix_sim/models/aws_robomaker_hospital_elevator_01_door/meshes\n'}
[6.031402] (Uvix_sim) StdoutLine: {'line': b'symbolically linking /home/chino/uvix_ws/build/Uvix_sim/models/aws_robomaker_hospital_elevator_01_door/meshes/aws_robomaker_hospital_elevator_01_low.png -> /home/chino/uvix_ws/install/Uvix_sim/share/Uvix_sim/models/aws_robomaker_hospital_elevator_01_door/meshes\n'}
[6.032673] (Uvix_sim) StdoutLine: {'line': b'symbolically linking /home/chino/uvix_ws/build/Uvix_sim/models/aws_robomaker_hospital_elevator_01_door/meshes/aws_robomaker_hospital_elevator_01_door_visual.dae -> /home/chino/uvix_ws/install/Uvix_sim/share/Uvix_sim/models/aws_robomaker_hospital_elevator_01_door/meshes\n'}
[6.033844] (Uvix_sim) StdoutLine: {'line': b'symbolically linking /home/chino/uvix_ws/build/Uvix_sim/models/aws_robomaker_hospital_elevator_01_door/meshes/aws_robomaker_hospital_elevator_01_visual.png -> /home/chino/uvix_ws/install/Uvix_sim/share/Uvix_sim/models/aws_robomaker_hospital_elevator_01_door/meshes\n'}
[6.035094] (Uvix_sim) StdoutLine: {'line': b'symbolically linking /home/chino/uvix_ws/build/Uvix_sim/models/aws_robomaker_hospital_elevator_01_door/meshes/aws_robomaker_hospital_elevator_01_door_collision.dae -> /home/chino/uvix_ws/install/Uvix_sim/share/Uvix_sim/models/aws_robomaker_hospital_elevator_01_door/meshes\n'}
[6.036317] (Uvix_sim) StdoutLine: {'line': b'symbolically linking /home/chino/uvix_ws/build/Uvix_sim/models/aws_robomaker_hospital_elevator_01_door/meshes/aws_robomaker_hospital_elevator_01_low_normal.png -> /home/chino/uvix_ws/install/Uvix_sim/share/Uvix_sim/models/aws_robomaker_hospital_elevator_01_door/meshes\n'}
[6.037808] (Uvix_sim) StdoutLine: {'line': b'symbolically linking /home/chino/uvix_ws/build/Uvix_sim/models/aws_robomaker_hospital_elevator_01_door/meshes/aws_robomaker_hospital_elevator_01_door_low.dae -> /home/chino/uvix_ws/install/Uvix_sim/share/Uvix_sim/models/aws_robomaker_hospital_elevator_01_door/meshes\n'}
[6.039099] (-) TimerEvent: {}
[6.039598] (Uvix_sim) StdoutLine: {'line': b'symbolically linking /home/chino/uvix_ws/build/Uvix_sim/models/aws_robomaker_hospital_elevator_01_door/meshes/aws_robomaker_hospital_elevator_01_visual_normal.png -> /home/chino/uvix_ws/install/Uvix_sim/share/Uvix_sim/models/aws_robomaker_hospital_elevator_01_door/meshes\n'}
[6.101786] (Uvix_sim) CommandEnded: {'returncode': 0}
[6.140660] (-) TimerEvent: {}
[6.147637] (Uvix_sim) JobEnded: {'identifier': 'Uvix_sim', 'rc': 0}
[6.150911] (-) EventReactorShutdown: {}
